Comments ,Label,,,,,,,,,,,,,,,,,,,,,,
?? ?? ??? ??? ???? ???? ???? ???? ??????? ??? ???? ??????? ?? ??? ??? ???? ???? ???? ????????,Fraud,,,,,,,,,,,,,,,,,,,,,,
??????? ??? ??? ???? ???? ???? ????? ????? ???? ???? ???? ?????? ????? ????? ?? ?????,Fraud,,,,,,,,,,,,,,,,,,,,,,
??? ???? ??????? ?? ?? ????? ????? ??????? ??? ?? ???? ?? ???? ???? ???? ??????? ??? ??? ?? ??? ??? ???? ??? ?? ?????,Fraud,,,,,,,,,,,,,,,,,,,,,,
???? ??? ???? ?????? ??? ????? ????? ????? ??? ????? ???? ??? ????? ????? ??? ??????? ??? ???? ?? ???? ???????? ?????? ???? ??? ???? ???? ???????? ??????? ??????? ?????? ??? ?? ?? ????? ?????? ?????? ?? ??????? ??????? ????? ??? ??? ?? ???? ?????? ????,Fraud,,,,,,,,,,,,,,,,,,,,,,
"????? ???? ???? ??? ???? ? ????? ???? ???? ????? ??? ?? ???? ????????? ????? ???? ????, ???? ???? ????? ??? ??? ????? ??? ?????? ??? ?? ???? ?????? ???? ???? ?? ????????? ?? ??????? ?? ???? ???? ????? ?",Fraud,,,,,,,,,,,,,,,,,,,,,,
???? ???? ??????? ???? ?????? ??? ? ???? ???? ?????? ?? ??? ????? ???????????? ???? ?????? ?? ??? ???? ????????,Partial Fraud,,,,,,,,,,,,,,,,,,,,,,
"???? ??????? ?????? ???? ?? ????????,????? ? ???? ???? ??? ????,????? ??? ??? ?????,? ????? ??? ??????? ???? ????? ???? ???? ??? ??? ????,????? ??? ??? ?? ???? ??????? ???? ??? ????,????? ??? ??? ??????? ??? ??? ??? ???,????? ??????? ???? ??? ??????,????? ??? ???? ???? ??? ????? ????? ???? ?????? ?????? ??? ?????",Partial Fraud,,,,,,,,,,,,,,,,,,,,,,
"???? ??????? ???? ??? ??????? ??? ????? ???? ??? ????? ???? ???? ??????? ???? ??? ?????????? ??? ??? ??????? ??? ?????? ?????????? ??? ???? ??????? ????? ????? ??? ???? ??????? ???? ????, ??? ????? ??? ???? ???? ????? ",Fraud,,,,,,,,,,,,,,,,,,,,,,
????? ???? ???? ???????? ???? ???????? ????? ???? ???? ???? ?????? ???? ?????? ??????? ? ???? ??? ?? ???,Fraud,,,,,,,,,,,,,,,,,,,,,,
???? ??????? ????? ??????? ???? ????????? ?????????? ??????? ???? ???? ,Fraud ,,,,,,,,,,,,,,,,,,,,,,
???? ????? ???????  ???? ???? ???? ?????? ?????? ??? ?????? ??? ???? ?? ,Partial fraud,,,,,,,,,,,,,,,,,,,,,,
????? ??????? ???? ????? ??????? ???? ?? ???? ??? ???? ?????? ?????,Partial fraud,,,,,,,,,,,,,,,,,,,,,,
"??????? ????,?????? ??? ???,????? ? ??? ????? ??????? ???? ???? ?? ????? ???? ??? ???",Partial fraud,,,,,,,,,,,,,,,,,,,,,,
"??? ????? ?? ??? ????? ?????? ???????? ????? 2018 ????  ??? ???? ?? ??,???/= ?????? ?? ????  ??????? ???? ????? ??? ???? ?????? ???? ???? ??????",Partial Fraud,,,,,,,,,,,,,,,,,,,,,,
??? ????? ??????? ?????? ?????? ???????? ?????? 2018 ???? ??? ???? ?? 40000 ???? ????? ????,Partial Fraud,,,,,,,,,,,,,,,,,,,,,,
???? ???? ???? ??? ????? ?? ???? ???? ?????? ?? ????? ??????? ??? ??? ????,Fraud,,,,,,,,,,,,,,,,,,,,,,
??? ?????? 24000 ???? ???????? ?????? ?????? ???? ????? ???????? ?????? ?? ???????? ??? ??????? ??? ???? ?? ???? ???? ?????? ????? ???? ???? ??? ??? ?? ????,Fraud,,,,,,,,,,,,,,,,,,,,,,
???? ?????? ????? ???? ????? ???? 4000 ????? ???? 60 ???? ??????,Fraud,,,,,,,,,,,,,,,,,,,,,,
"??? ????? ?? ??????? ??? ???? ??? ???? ???? ???? ?? ???? ?? ???? ??????? ?? ??? ????? ??? ???? ??? ???? ????? ???? ??????? ???? ??? ????, ???? ???????? ????? ????? ???? ???",Partial Fraud,,,,,,,,,,,,,,,,,,,,,,
???? ?????????? ???? ???? ????? ???? ????? ???? ???? ??????? ???? ??? ????? ???? ????? ???? ??? ?? ?? ???? ???? ????? ???? ?? ??? ?????? ??? ???????? ???,Fraud,,,,,,,,,,,,,,,,,,,,,,
?? ???? ??????? ???? ??? ????? ????? ???? ????? ???? ???? ?? ????? ??? ?? ?? ?????? ??? ??? ?? ??? ????? ????? ????? ????? ?????? ?? ?? ????? ???? ???? ??????? ? ??????????? ??? ???? ???? ???? ?? ??????? ??? ??? ??????? ??? ?? ??? ?????????? ? ???? ???? ?? ???? ?????,Fraud,,,,,,,,,,,,,,,,,,,,,,
??? ???? ?????????.???? ??? ???? ???? ???? ????.???? ??? ?? ??? ????? ??? ??? ??.,Partial Fraud,,,,,,,,,,,,,,,,,,,,,,
???? ????? ??? ??? ??????? ??? ???? ?????? ???? ???? ?? ??? ????? ??? ???????? ????,Fraud,,,,,,,,,,,,,,,,,,,,,,
????? ?? ??????? 100 ??? ??? ??????? ?? ??????? ???? ?????? ??? ??? ??????? ??????? ???????? ?? ?????? ??? ????? ?????? ??????,Partial Fraud,,,,,,,,,,,,,,,,,,,,,,
??? ???? ?????????? ???? ??????,Fraud,,,,,,,,,,,,,,,,,,,,,,
??? ???? ???? ?? ??????? ?? ????? ??? ????? ???? ??????,Fraud,,,,,,,,,,,,,,,,,,,,,,
???? ???? ?? ???????? ????? ???? ????? ???? ??????,Fraud,,,,,,,,,,,,,,,,,,,,,,
"????? ???? 6000???? ??? ????? ???,,,,,?? ??????? ???? ??? ????",Fraud,,,,,,,,,,,,,,,,,,,,,,
???? 18180 ???? ??????? ???,Fraud,,,,,,,,,,,,,,,,,,,,,,
????? ???? ??? 2000???? ????? ????,Fraud,,,,,,,,,,,,,,,,,,,,,,
???? ???? ???? ???? ????,Fraud,,,,,,,,,,,,,,,,,,,,,,
"??? ? ??????? ????,???? ????? ???? ???? ???? ????? ??? ???? ????? ??? ??? ?? ?????",Fraud,,,,,,,,,,,,,,,,,,,,,,
???? ???? ??? ??? ???? ????? ???? ???? ????,Fraud,,,,,,,,,,,,,,,,,,,,,,
???? ? ????? ???? ???? ????,Fraud,,,,,,,,,,,,,,,,,,,,,,
?? ????? ???? ?? ??? ?? ??????? ???? ??????? ???? ???? ????? ?? ????? ???,Fraud,,,,,,,,,,,,,,,,,,,,,,
???? ???????? ????? ?? ????????????? ?????? ???? ??????,,,,,,,,,,,,,,,,,,,,,,,
???? ???? ????? ????,Fraud,,,,,,,,,,,,,,,,,,,,,,
???? ??????? ???? ???? ?????,Fraud,,,,,,,,,,,,,,,,,,,,,,
???? ????? ?? ????? ???? ???? ?????? ????  ,Fraud,,,,,,,,,,,,,,,,,,,,,,
??? ? ????????? 25000 taka,Fraud,,,,,,,,,,,,,,,,,,,,,,
?/?/?????? ??? ??:?? ?? ???? ????? ???? ????????? ???? ???? ??? ???? ?????? ???? ????????? ??????? ?????? ??????? ???? ???? ????? ???????? ??????? ?????? ???? ?????? ??? ??????? ??? ??? ????? ??/?/????,Fraud,,,,,,,,,,,,,,,,,,,,,,
"???? ????? ?????? ??? ??? ??? ?????? ??? ?? ????? ???? ???? ??????,",Fraud,,,,,,,,,,,,,,,,,,,,,,
"???? ????? ???? ??????,",Fraud,,,,,,,,,,,,,,,,,,,,,,
???? ???? ???? ???? ???????,Fraud,,,,,,,,,,,,,,,,,,,,,,
???? ???? ?? ????? ???? ???? ?????,Fraud,,,,,,,,,,,,,,,,,,,,,,
???? ???? ???? ???????? ??? ????? ???? ???? ?? ??? ?? ??? ??? ????,Fraud,,,,,,,,,,,,,,,,,,,,,,
??? ???? ??? ????? ????????? ???? ?????,Fraud,,,,,,,,,,,,,,,,,,,,,,
???? ??? ????? ???? ??? ???? ?????,Fraud,,,,,,,,,,,,,,,,,,,,,,
???? ??? ???? ?? ???? ??? ????? ???? ???? ?????,Fraud,,,,,,,,,,,,,,,,,,,,,,
???? ? ????? ???? ???????,Fraud,,,,,,,,,,,,,,,,,,,,,,
???? ???? ??? ?????? ???? ?? ????? ???? ???? ????? ??? ??,Fraud,,,,,,,,,,,,,,,,,,,,,,
???? ???? ???? ??????? ???? ??????,Fraud,,,,,,,,,,,,,,,,,,,,,,
???? ???? ???? ????? ???? ???? ???? ????? ??? ???????,Fraud,,,,,,,,,,,,,,,,,,,,,,
"???? ?? ????? ???? ???? ????, ??????? ?????",Fraud,,,,,,,,,,,,,,,,,,,,,,
"???? ????? ???? ???? ???? ????,?? ????? ????",Fraud,,,,,,,,,,,,,,,,,,,,,,
???? ??? ???? ?? ????? ??? ???? ????? ???? ????????,Fraud,,,,,,,,,,,,,,,,,,,,,,
???? ???? ????? ???? ???? ???? ????????,Fraud,,,,,,,,,,,,,,,,,,,,,,
???? ???? ???? ??? ????? ?? ???? ???? ?????? ?? ????? ??????? ??? ??? ????,Fraud,,,,,,,,,,,,,,,,,,,,,,
"???? ??,???/- ?????? ????? ?????? ?? ?????????????? ?? ??? ?????????? ???? ????? ????",Fraud,,,,,,,,,,,,,,,,,,,,,,
"????? ?????? ??? ???? ??? ???? ????? ????? ???? ???? ??????, ?? ?????? ???????? ??? ????  ???? ?????? ??? ??? ??? ? ????? ??????? ?????? ??? ?? ??? ????? ???? ??????",Fraud,,,,,,,,,,,,,,,,,,,,,,
??? ??? ???????? ???? ??????????? ? ??? ??? ??? ???? ? ?????? ???? ?????? ?? ????,Fraud,,,,,,,,,,,,,,,,,,,,,,
"??? ?????? ????? ???? ???????? ??????, ?????? ???? ????? ???????? ??????? ?? ???????? ??? ??????? ???  ???? ?? ???? ???? ?????? ????? ???? ???? ???? ??? ?? ?????",Fraud,,,,,,,,,,,,,,,,,,,,,,
????? ???? ?????? ????? ???? ????? ???? ???? ????? ???? ?? ???? ?????? ?? ???? ????,Fraud,,,,,,,,,,,,,,,,,,,,,,
???? ??? ???? ?? ?? ?????? ??? ???? ??????? ?????? ????? ???????? ??? ????? ??? ????? ???? ?? ?????? ???? ???? ???? ??? ????? ????????? ?????,Fraud,,,,,,,,,,,,,,,,,,,,,,
???? ????? ???? ???? ???? ??? ???? ???? ??? ?? ???? ?? ???? ???,Fraud,,,,,,,,,,,,,,,,,,,,,,
???? ?????  ????? ??? ?? ????? ???? ???? ???? ??? ????? ?? ????? ????  ????? ????? ??????,Fraud,,,,,,,,,,,,,,,,,,,,,,
??????? ??? ??? ???? ???? ???? ?? ????? ???? ???? ????? ?????? ????? ???? ????? ??? ???,Fraud,,,,,,,,,,,,,,,,,,,,,,
"??? ????? ???? ???? ???????? ??? ?? ????? ???? ???? , ?? ???? ???? ????",Fraud,,,,,,,,,,,,,,,,,,,,,,
"??? ????? ?????? ?? ??? ??? ???? ???? ??/??/??, ??? ??? ??????? ????? ???? ???? ????? ?? ?????",Fraud,,,,,,,,,,,,,,,,,,,,,,
?? ????? ???? ??? ???? ?????,Fraud,,,,,,,,,,,,,,,,,,,,,,
??? ???? ??????? ?? ?? ????? ????? ??????? ??? ?? ???? ?? ???? ???? ???? ??????? ??? ??? ?? ??? ??? ???? ??? ?? ??????,Fraud,,,,,,,,,,,,,,,,,,,,,,
"???? ??,??? ???? ??? ????? ??????? ????? ???? ???? ?? ???",Fraud,,,,,,,,,,,,,,,,,,,,,,
????? ???? ???? ??? ???? ? ????? ???? ???? ????? ???? ?? ???? ????????? ???? ????? ??? ????? ???? ???? ????? ??? ??? ????? ??? ??????? ??? ?? ???? ?????? ???? ???? ?? ??? ????????? ?? ??????? ???? ???? ??????,Fraud,,,,,,,,,,,,,,,,,,,,,,
"????????? ????? ??? ??? ???? ???? ???? ???????? ???? ???? ??????? ??? ?? ????? ????? ????,??? ???? ?????? ?????",Fraud,,,,,,,,,,,,,,,,,,,,,,
???? ???? ?? ???????? ????????,Fraud,,,,,,,,,,,,,,,,,,,,,,
"??? ????? ?? ??????? ??? ???? ??? ???? ???? ???? ?? ???? ?? ???? ??????? ?? ??? ????? ??? ???? ??? ???? ????? ???? ??????? ???? ??? ????, ???? ???????? ????? ????? ???? ??? ??? ?? ???? ??????",Partial Fraud,,,,,,,,,,,,,,,,,,,,,,
????? ???? ?????,Fraud,,,,,,,,,,,,,,,,,,,,,,
"???? ???? ????????? ???? ???? ????? ???? ????? ???? ??? ?????? ???? ????? ?????? , ?? ?? ????? ?????? ????? ???? ?? ????? ?????? ??? ??????? ????",Fraud,,,,,,,,,,,,,,,,,,,,,,
????? ??? ???? ???????? ???? 25????? ???? ???? ???? ??? ??? ???? ?-? ??????? ???? ?? ???? ???? ????? ??? ???? ??? ??? ?? ???? ??? ?????? ???? ???? ????????,Fraud,,,,,,,,,,,,,,,,,,,,,,
"?? ????? ?????? ???? ??????? ??? ????? (?? ??? ?? ????? ????) ?????? ?? ????????, ??????? ????",Fraud,,,,,,,,,,,,,,,,,,,,,,
???? ?????????? ?? ?? ????? ?? ????? ???? ???? ?????? ??? ???? ??????? ????? ????? ???? ???? ????? ????? ????? ???????? ?????? ??? ???,Fraud,,,,,,,,,,,,,,,,,,,,,,
?????? ????? ???? ??????? ????? ???? ??? ????? ??????? 69 ????? 800 ???? ????? ???????? ??? ????? ????? ??? ???? ????? ????? ???????? ??????? ???? ??? ??? ??????? ?? ?????? ???? ????,Fraud,,,,,,,,,,,,,,,,,,,,,,
??? ??? ???? ??? ???????? ?? ????? ?? ??? ???? ?? ??????? 140000 ???? ????? ???? 3 ?? ????? ???? ????? ???????? ??? ??? ????? ???? ??? ????? ???? ???? ????? ??,Fraud,,,,,,,,,,,,,,,,,,,,,,
???? ??????? ???? ?????? ????? ???? ???? ???? ???????,Fraud,,,,,,,,,,,,,,,,,,,,,,
10000 ??? ????? ??? ??????? ?? ?????? ?? ?? ???? ?????,Fraud,,,,,,,,,,,,,,,,,,,,,,
?????? ???? ??? ????? ?? ??????,Fraud,,,,,,,,,,,,,,,,,,,,,,
???? ????? ???? ???? ???? ??/??/???? ????????? ???? ???? ??????? ?????? ?????,Fraud,,,,,,,,,,,,,,,,,,,,,,
"??? ???? ??? ???? ???? ??? ???? ????? ????? ???? ???? ???? ?????????,,??? ????? ?? ??? ???? ????? ???",Fraud,,,,,,,,,,,,,,,,,,,,,,
??? ???? ???? ????? ??? ???? ???? 30 ???? ????,Fraud,,,,,,,,,,,,,,,,,,,,,,
??? ????? ??? ??????? ????????? ????? ???? ???? ???? ??/??/?? ??????? ?? ???? ???? ????? ??? ???? ??? ????,Fraud,,,,,,,,,,,,,,,,,,,,,,
???? ????? ???? ???? ???? ??? ?? ???? ???? ????? ??????? ?????,Fraud,,,,,,,,,,,,,,,,,,,,,,
???? ????? ??? ???? ?? ???? ????????? ??????,Fraud,,,,,,,,,,,,,,,,,,,,,,
???? ????? ??? ???? 15 ????? ???? ???? ????,Fraud,,,,,,,,,,,,,,,,,,,,,,
???? ?? ?????? ??????? ????? ???? ?? ??????? ????? ???? ????? ???? ? ??? ?? ????? ?? ??? ????? ???? ????? ??? ?,Fraud,,,,,,,,,,,,,,,,,,,,,,
??? ??????? ??? ???? ????? ????? ?? ??????? ??? ???? ?????,Fraud,,,,,,,,,,,,,,,,,,,,,,
"?/?/?? ??????,,, ???? ???,??? ???? ?????? ???? ????? ?? ??? ???????? ????? ???? ???????? ?????  ?? ???? ?????? ?? ???? ???????? ????",Fraud,,,,,,,,,,,,,,,,,,,,,,
?????? ? ????? ???? 4 ????? 1 ?? 60 ???? ???????,Fraud,,,,,,,,,,,,,,,,,,,,,,
???? 28932 ???? ???? ?????????? ???? ?????? ??? ???? ????,Fraud,,,,,,,,,,,,,,,,,,,,,,
???? ??? ????? 53 ????? ???? ??????? ?????????,Fraud,,,,,,,,,,,,,,,,,,,,,,
??? ???? ????? ????? ???? ??????,Fraud,,,,,,,,,,,,,,,,,,,,,,
???? ?? ????? ???? ????? ??? ????? ????? ?????,Fraud,,,,,,,,,,,,,,,,,,,,,,
???? ??? ???? 26 ????? ???? ????,Fraud,,,,,,,,,,,,,,,,,,,,,,
???? ??? ????? ?? ????? ???? ????? ????,Fraud,,,,,,,,,,,,,,,,,,,,,,
"???? ???? ????? ????? ???? ????,,,, ?? ??? ????",Fraud,,,,,,,,,,,,,,,,,,,,,,
"????? ???? ???? ????? ????? ?????? ??? ???????? ?????? ??? ?????,??? ???? ?????? ??????, ??????? ????? ????????? ????? ???????? ??? ????? ??? ???????? ?????",Fraud,,,,,,,,,,,,,,,,,,,,,,
??? ??????? ??? ???? ???? ???? ?????? ??????? ??? ????? ??????????? ???? ???????????? ?????,Fraud,,,,,,,,,,,,,,,,,,,,,,
???? ?????? ???? ???? ?????? ???? ????? ??????? ??? ?? ????,Fraud,,,,,,,,,,,,,,,,,,,,,,
??????? ???? ?????? ???? ? ??????? ???? ???? ????,Fraud,,,,,,,,,,,,,,,,,,,,,,
"???? ???? ????? ?? ??? ???????, ??? ????? ??????? 10000 ????? ?????? ????",Fraud,,,,,,,,,,,,,,,,,,,,,,
???? ???? ?????? ?? ??? ???????????? ???? ???? ?????????????? ???? ???? ??????? ????? ???? ???? ???? ????? ??,Fraud,,,,,,,,,,,,,,,,,,,,,,
??? ??? ????? ???????? ?????? ??? ? ???? ????? ???? ???? ?????,Fraud,,,,,,,,,,,,,,,,,,,,,,
??? ??? ? ???? OTP ???? ??????? ???? ????? ? ??? ????? ???? ????? ???? ??? ???...... ??? ???? Pin ???????? ??? ?????? ??? ?? ??? ????? ???.......plz ??? ?? ?????? ????? ???? ??????? ?????,Partial Fraud,,,,,,,,,,,,,,,,,,,,,,
?? ????? ?? ???? ?? ????? ???? ???? ????,Fraud,,,,,,,,,,,,,,,,,,,,,,
10 ??? ??? ???????? ???? ?????? ??? ????? ???? ?? ?????? ?????? ???? ??? 20 ????? ????,Fraud,,,,,,,,,,,,,,,,,,,,,,
??? ????? ???? ??????? ?? ????? ???? ????,Fraud,,,,,,,,,,,,,,,,,,,,,,
??? ????? ??? ????? ???? ???????? ??????? ??? ??????? ????? ??????? ???? ??? ????? ?????,Partial Fraud,,,,,,,,,,,,,,,,,,,,,,
??? ???? ???? ???? 10000 ????? ???? ??????? ???? ?????? ????? ??????? ????? ??? ?????? ???? ???????? ???? ???????,Fraud,,,,,,,,,,,,,,,,,,,,,,
??? ???? 18000 ???? ???? ???? ??? ?,Fraud,,,,,,,,,,,,,,,,,,,,,,
??? ???? ????????? 15 ????? ???? ???? ???? ??????????? ??? ???? ??? ?? ?,Fraud,,,,,,,,,,,,,,,,,,,,,,
???... ??? ???? 1100 ???? ??????... ??? ???? ??????? ???? ???? ??????....???? ?????? ????? ???????? ???? ???...???? ????? ?????...????? ????????? ?? ????...??? ???? ?????? ???? ??? ????????,Fraud,,,,,,,,,,,,,,,,,,,,,,
??? ???? ??????? ???????? ?????/ ????? ????? ??? ??? ????,Fraud,,,,,,,,,,,,,,,,,,,,,,
???? ?? ???? ?? ????? ???? ???? ????,Fraud,,,,,,,,,,,,,,,,,,,,,,
"????? ? ?????? ?? ????? ????????? ???? ?????? ????? ??????, ??? ????? ?? ????? ??? ?? ????? ?? ???",Fraud,,,,,,,,,,,,,,,,,,,,,,
???? ?????? ????? ????????? ????????????? ???? ???? ????????? ??? ???? ?????? ???? ????? ???? ???? ????? ???? ??? ???? ??? ???? ???? ????,Fraud,,,,,,,,,,,,,,,,,,,,,,
???? ????/- ???? ????? ??????? ?? ????,Fraud,,,,,,,,,,,,,,,,,,,,,,
?????? ???? ?????? ???? ??????????? ????? ???? ????? ??????? ????? ????? ???? ?????? ??????? ??? ??? ????????? ?????????? ?????? ?????? ???? ??? ????? ???? ???? ??? ????? ??????,Fraud,,,,,,,,,,,,,,,,,,,,,,
??? ????? ???? ??? ???? ???? ???? ???? ??????? ?? ????? ???,Fraud,,,,,,,,,,,,,,,,,,,,,,
???? ????? ?????? ?????? ??? ????????,Fraud,,,,,,,,,,,,,,,,,,,,,,
?? ???? ???? ??? ????? ? ??? ???? ???? ????,Fraud,,,,,,,,,,,,,,,,,,,,,,
"???? ???? ????? ??,??? ???? ????",Fraud,,,,,,,,,,,,,,,,,,,,,,
???? ?????? ????? ???? ???????? ?????,Fraud,,,,,,,,,,,,,,,,,,,,,,
???? ??? ???? ???? ???? ???? ????,Fraud,,,,,,,,,,,,,,,,,,,,,,
???? ???? ????? ???? ??????,Fraud,,,,,,,,,,,,,,,,,,,,,,
????? ???? ??? ???? ???? ???? ????? ???? ???? ?????,Fraud,,,,,,,,,,,,,,,,,,,,,,
???? ??? ???? ??? ??? ? ????? ????? ???? ???? ????,Fraud,,,,,,,,,,,,,,,,,,,,,,
???? ?? ????? ????? ?? ????? ???? ????????? ????? ?????? ?? ??? ?????? ????? ?? ???? ???? ???? ????? ???????? ???? ??? ???? ????? ???,Fraud,,,,,,,,,,,,,,,,,,,,,,
???? ???? ???? ?? ? ??? ??? ?? ????? ???? ?? ??? ??? ???????,Fraud,,,,,,,,,,,,,,,,,,,,,,
???? ?? ???? ???? ?? ????? ????? ??? ??? ??? ???? ????? ????????,Fraud,,,,,,,,,,,,,,,,,,,,,,
???? ??? ???? ???? ???? ??? ???? ?? ????? ???? ???? ?????? ???? ????? ????? ?????? ???????? ????? ????,Fraud,,,,,,,,,,,,,,,,,,,,,,
?????? ?????? ??? ?????? ? ???? ?? ????? ???? ???? ???????,Fraud,,,,,,,,,,,,,,,,,,,,,,
??????? ???? ?? ???? ?? ???? ????? ???? ???? ??? ???? ??????? ??????? ???????? ????? ???? ???? ??? ?? ????? ???? ?? ????? ????? ??????? ????? ????? ????? ???? ???? ???? ???? ??? ?? ??????? ??? ???????????,Fraud,,,,,,,,,,,,,,,,,,,,,,
???? ?? ?????? ? ??? ? ????? ???? ?????? ???? ?????? ????? ????,Fraud,,,,,,,,,,,,,,,,,,,,,,
???? ????? ????? ??? ?????? ?????? ??????? ????? ?????? ????? ????? ????? ???? ????? ????? ???? ???? ?????,Partial Fraud,,,,,,,,,,,,,,,,,,,,,,
????? ?????? ???? ???? ?????? ??? ??? ???????? ????? ???? ??? ?? ????????,Fraud,,,,,,,,,,,,,,,,,,,,,,
"??? ???? ?? ?? ?????? ????? ???? ?????? ????? ??? ???? ??? ????,, ?? ???? ???? ???????? ????? ??????",Fraud,,,,,,,,,,,,,,,,,,,,,,
?? 50 ????? ???? ??? ????? ???? ????? ???? ?????? ?????? ???? ????? ?? ??????? ???,Fraud,,,,,,,,,,,,,,,,,,,,,,
????? ?? ??? ??????? ??? ???? ??? ???? 10900 ???? ??????? ???????,Fraud,,,,,,,,,,,,,,,,,,,,,,
????? ?? ???????? ???? 8020 ???? ??? ???? ??? ??? ???? ??? ???? ??? ???? ?,Partial Fraud,,,,,,,,,,,,,,,,,,,,,,
???? ???? ?? ???????? ??? ???? ????? ???? ???? ????,Fraud,,,,,,,,,,,,,,,,,,,,,,
"?? ? ????? ???? ???? ???? ?????? ???? ??? ???? ?,??? ???? ?????? ???",Fraud,,,,,,,,,,,,,,,,,,,,,,
?? ??? ???? ???? ???? ???? ???? ???? ????? ???? ?????? ????? ??? ????? ???? ??????? ??? ???????,Fraud,,,,,,,,,,,,,,,,,,,,,,
???? ??? ????? ????? ???? ??? ?? ???? 2000 ????? ???? ???? ?????,Fraud,,,,,,,,,,,,,,,,,,,,,,
??? ???? ?? ??? ????? ???? ?????? ?????????,Fraud,,,,,,,,,,,,,,,,,,,,,,
"????? ????? ???? ?-? ?? ??? ??? ????? ??? ??, ??? ???? ?????? ????? ??? ????? ? ???? ????? ???? ????, ?????? ??? ??? ??????? ?? ????? ?????? ?? ??? ???? ????? ???, ????? ???? ??????? ???? ??????? ??? ???? ?????, ????? ???? ????? ??? ?  ???? ??? ???? ?????? ????? ????? ???? ??? ?",Partial Fraud,,,,,,,,,,,,,,,,,,,,,,
?? ???? ????? ????????? ????? ??? ???? ? ???? ????? ??? ????? ???? ????? ????,fraud,,,,,,,,,,,,,,,,,,,,,,
????? ???? 4000 ???? ??????? ????? ?????? ????? ?????? ????? ?? ???? ???? ?? ????? ????? ???,fraud,,,,,,,,,,,,,,,,,,,,,,
"??? ?? ???? ???? ?,??? ???? ????  ???? ???? ????? ???????",fraud,,,,,,,,,,,,,,,,,,,,,,
????? ?? ?????....??????? ???? ??? ?? ???????? ??:?? ???.... ?????? ??? ???? ???? ??? ????,Partial Fraud,,,,,,,,,,,,,,,,,,,,,,
"???? ??? ???? ???? ??????? ???, ?? ???? ????? ??? ????",Fraud,,,,,,,,,,,,,,,,,,,,,,
???? ??? ???? ? ??? ? ????? ???? ?????? ????? ????,Fraud,,,,,,,,,,,,,,,,,,,,,,
?? 5 ??? ?????? ???? ??????? 37 ????? ????? ???? ?? ???? ???? ???? ??? ??????? ?? ? ???? ?????? ????????? ???? ??? ????? ??? ????? ???? ?? ?????????? ?????? ???? ?????????? ???? ???? ??????? ????????? ????????? ???? ?????,Fraud,,,,,,,,,,,,,,,,,,,,,,
"???? ??? ??????? ????? ??? ????, ??? ????? ???? ???? ?? ???,?? ????? ?? ???? ???? ????,??? ??? ?? ????,??? ??????? ?? ??? ??,????? ??? ?? ?? ???",Fraud,,,,,,,,,,,,,,,,,,,,,,
????? ???? ????? ?????? ???? ?? ????? ???? ???? ???? ????? ????? ??,Fraud,,,,,,,,,,,,,,,,,,,,,,
???? ????? ???? ???? ??????? ??/??/?? ????? ???? ?? ?? ????,Fraud,,,,,,,,,,,,,,,,,,,,,,
? ??? ??? ?? ??????? ???? ????? ???? ????? ???? ???? ????? ??? number ???? ??????? ????????? ??? ????? ??? ?????? ??? ??????? ? call ???? ??? ??? ?????? ??? ?????? ??? ??????? ? ????? ?? ??? id ? ??? ???? ??? ?????? ???? ?? ????? ??? ??? ??????,Fraud,,,,,,,,,,,,,,,,,,,,,,
???? ????? ?? ????? ???????? ???? ????,Fraud,,,,,,,,,,,,,,,,,,,,,,
??? ???? ??????? ???????? ???? ??? ????? 30000 ???? ????? ????,Fraud,,,,,,,,,,,,,,,,,,,,,,
"????? ????? ?? ???? ??? ?????? ????? ???? ???? ???? ???? ?????? ???? ?????? ???? ???? ??? ??? ?????? ??? ??? ??? ?? ???? ???? ????? ???? ????, ??? ??? ???? ???",Partial Fraud,,,,,,,,,,,,,,,,,,,,,,
???? ???? ???? ?? ? ??? ??? ?? ????? ???? ?? ??? ??? ???????,Fraud,,,,,,,,,,,,,,,,,,,,,,
??? ?? ???? ???? ???? ???? ???? ????? ??? ????? ??? ??? ?????? ??? ??? ????? ???? ????? ?? ??? ??????? ???? ???? ???? ???? ????? ?? ???? ??? ???? ???? ???? ????? ??? ???? ????? ??? ???? ?? ??????,Fraud,,,,,,,,,,,,,,,,,,,,,,
???? ?????? ????? ??? ???? ????? ? ?? ???? ??????? ???? ?? ????? ???? ?????? ???? ????????? ???????? ????? ???? ????? ??? ?? ???? ?????? ??? ???  ??? ????? ?????,Partial Fraud,,,,,,,,,,,,,,,,,,,,,,
???? ???? ??? ???? ???? ??? ?? ?????? ??? ??? ???? ???? ?????? ??? ?? ???????? ?? ???? ???? ???? ??? ??????? ???? ???? ??? ??? ??? ?????? ???? ???? ????,Fraud,,,,,,,,,,,,,,,,,,,,,,
????? ?????? ??? ??? ???? ???? ???? ????,Fraud,,,,,,,,,,,,,,,,,,,,,,
?????? ?? ?????? ??? ?? ????????? ?? ????? ???????,Partial Fraud,,,,,,,,,,,,,,,,,,,,,,
"???? ????? ???? ????? ???? ???? ????, ????? ??????, ??? ????? ?????? ???? ???? ??? ?? ???,???? ??? ????? ???????",Fraud,,,,,,,,,,,,,,,,,,,,,,
??? ???? ??? ???????? ???? ????? ????? ???? ???? ????,Fraud,,,,,,,,,,,,,,,,,,,,,,
????? ???? ???? ????? ?????? ??? ???? ???? ???? ???? ??? ?? ??? ????,Fraud,,,,,,,,,,,,,,,,,,,,,,
??? ???? ??? ???? ???? ???? ????? ???? ???? ??? ??????? ????? ?? ?? ?? ??? ????? ???? ??? ?? ????? ??? ???,Fraud,,,,,,,,,,,,,,,,,,,,,,
??? ???? ?????????....???? ??? ???? ???? ???? ????....???? ????? ??....??????? ??? ?? ??? ????? ??? ??? ??....???? ????? ??....??? ????? ????? ????? ??......?? ????,Fraud,,,,,,,,,,,,,,,,,,,,,,
???? ????????? ??? ?????? ??? ??? ?????? ?????? ??? ???? ?????,Fraud,,,,,,,,,,,,,,,,,,,,,,
???? ????? ???? ??? ????? ???? ???? ???,Fraud,,,,,,,,,,,,,,,,,,,,,,
???? ??? ???? 15 ????? ???? ????,Fraud,,,,,,,,,,,,,,,,,,,,,,
???? ??? ???? ????? ???? ???? ????? ??? ??? ????? ???? ??????!!!,Fraud,,,,,,,,,,,,,,,,,,,,,,
??? ????? ???? ??? ???? ?????? ?????? ?? ??? ??? ????? ???? ???? ???? ???? ??????? ????? ??? ???? ???? otp r pin????? ???? ??? ???????? ??????? ???? ?????? ????? ????? ???? ??????? ???? ????? ?? ????? ??? ?????? ?? ??????? ?? ?????? ??????? ????? ?????... ??? ???,Fraud,,,,,,,,,,,,,,,,,,,,,,
??? ???? ????????? ?????? ?? ????,Fraud,,,,,,,,,,,,,,,,,,,,,,
"??? ????? ????? ???? ??????? ????,,,??? ???? ????? ???????? ?????? ?? ????? ???? ????? ?? ??? ????? ??? ?? ????? ???? ???? ???? ?????? ???? ???? ???? ????? ??????????",Fraud,,,,,,,,,,,,,,,,,,,,,,
???? ??? ????? ???? ???? ????,Fraud,,,,,,,,,,,,,,,,,,,,,,
??? ????? ?????? ???? ??????? ??? ??? ???? 40000 ???? ????? ???? ??? ?? ?????,Fraud,,,,,,,,,,,,,,,,,,,,,,
??? ??? ??? ???? ????? ????? ???? ??? ??? ?? ???? ?? ???? ???? ??????? ???? ????? ??? ??? ????? ??? ??? ??????? ???,Fraud,,,,,,,,,,,,,,,,,,,,,,
???? 4000???? ???? ???? ????????,Fraud,,,,,,,,,,,,,,,,,,,,,,
?? ???? ??????? ???? ??? ????? ????? ???? ????? ???? ???? ?? ????? ??? ?? ?? ?????? ??? ??? ?? ??? ????? ????? ????? ????? ?????? ?? ?? ????? ???? ???? ??????? ? ??????????? ??? ???? ???? ???? ?? ??????? ??? ??? ??????? ??? ?? ??? ?????????? ? ???? ???? ?? ???? ?????,Fraud,,,,,,,,,,,,,,,,,,,,,,
"??? ?? ???? 30,000 ???? ???? ???? ?? ??? ??",Fraud,,,,,,,,,,,,,,,,,,,,,,
??? ???? ????? ???? ???? ???? ????? ??????? ?? ??? ?????? ????,Fraud,,,,,,,,,,,,,,,,,,,,,,
"????? ???? ??????? ???? ?,??? ???? ???? ?????? ???????,, ??? ???? ?? ??????",Fraud,,,,,,,,,,,,,,,,,,,,,,
"??? ???? ??????? ???? ????? ???? ?????? ???? ???? ??????,,,??? ????? ????? ???????? ???? ?? ???? ???? ?????? ???,, ??? ??? ?????",Fraud,,,,,,,,,,,,,,,,,,,,,,
"???? ??,??? ???? ??? ???? ??????? ????? ???? ???? ?? ???",Fraud,,,,,,,,,,,,,,,,,,,,,,
??????? ??? ????????? ???? ????? ????,Fraud,,,,,,,,,,,,,,,,,,,,,,
??? ??? ? ??? ??? ????? ???? ???? ???? ?????,Fraud,,,,,,,,,,,,,,,,,,,,,,
???? ???? 13 ????? 10500 ???? ???? ???? ??? ???? ??????,Fraud,,,,,,,,,,,,,,,,,,,,,,
??? ???????? ????????? ???? ?????? ?? ???? ??? ?????,Fraud,,,,,,,,,,,,,,,,,,,,,,
"????? ???????? ????,,???? ???? ????? ??? ????",Fraud,,,,,,,,,,,,,,,,,,,,,,
???? ??? ??????? ????? ??? 29580???? ????? ????,Fraud,,,,,,,,,,,,,,,,,,,,,,
??? ???? ?? ???? ??????? ??????? Time ? ??? ?? ???? ?????? ??? ???? ??? ???,Partial Fraud,,,,,,,,,,,,,,,,,,,,,,
???? ?????? ??????? ???? ??????? ???? ???? ?????,Fraud,,,,,,,,,,,,,,,,,,,,,,
???? 5000???? ???? ????,Fraud,,,,,,,,,,,,,,,,,,,,,,
????????? ??????? ????? 32000 ????,Fraud,,,,,,,,,,,,,,,,,,,,,,
???? ????? ???? ???? ????? ???? ??? ???? ????,Fraud,,,,,,,,,,,,,,,,,,,,,,
??? ???? ???? ???? ???? ???? ????? ????? ????,Fraud,,,,,,,,,,,,,,,,,,,,,,
"???? ??????? ????? ???? ?????? ??????? ??? ????, ??? ??? ????? ??? ?? ??? ??? ?????",Fraud,,,,,,,,,,,,,,,,,,,,,,
??????? ??? ?????? ???? ?????? ???? ??? ???? ???? ,Fraud,,,,,,,,,,,,,,,,,,,,,,
??? ? ?? ??? ???? ??? ??? ???? ??? ???? ?????? ???,Fraud,,,,,,,,,,,,,,,,,,,,,,
?????? ???? ? ?? ????????? ??? ??? ????? ??? ?? ????? ???? ???? ????????? ????? ?? ?????? ????? ???? ,Fraud,,,,,,,,,,,,,,,,,,,,,,
????? ???? ??? ?????? ???? ?????? ???? ???,,,,,,,,,,,,,,,,,,,,,,,
"??? ???? ? ????? ????,?? ???,????? ????? ???",,,,,,,,,,,,,,,,,,,,,,,
???? ???? ???? ????? ??? ????,Fraud,,,,,,,,,,,,,,,,,,,,,,
??? ????  ???? ?????? ????  22048 ???? ???? ????  ??? ???? ?????? ??? ?????? ???? ??????,Fraud,,,,,,,,,,,,,,,,,,,,,,
??? ???? ??? ???? 500???? ???? ????,Fraud,,,,,,,,,,,,,,,,,,,,,,
??? ???? ??? ???? 1300 ???? ???? ????,Fraud,,,,,,,,,,,,,,,,,,,,,,
???? ???? ????? ??? ???? ???? ???? ???,Partial Fraud,,,,,,,,,,,,,,,,,,,,,,
????  ??? ???? 6000  ???? ???? ????,Fraud,,,,,,,,,,,,,,,,,,,,,,
????? ???? ??????? ? ???? ??? ???? ??? ???? ?????? ??? ???????? ? ????? ?? ?? ??? ???,Fraud,,,,,,,,,,,,,,,,,,,,,,
??? ???? ????? ??? ????? ???? ?? ???? ??? ??? ??? ????? ????,Fraud,,,,,,,,,,,,,,,,,,,,,,
?????? ????? ??????? ?????? ??? ????????? ?????? ??? ??? ??? ???? ?????????? ??? ??????? ??? ????? ??????,Fraud,,,,,,,,,,,,,,,,,,,,,,
??? ?? ?????????? ??? ?????? ??? ??? ???? ? ??????? ?????? ?????,Fraud,,,,,,,,,,,,,,,,,,,,,,
??? ????????? ? ?????? ??? ???? ?? ????  ??? ???,Fraud,,,,,,,,,,,,,,,,,,,,,,
??? ? ????? ???? ???? ???????,Fraud,,,,,,,,,,,,,,,,,,,,,,
????????? ?????? ???? ?? ???? ????? ???? ???,Fraud,,,,,,,,,,,,,,,,,,,,,,
?? ???? ????  ???? ???? ??? ????? ?? ???? ?????,Partial Fraud,,,,,,,,,,,,,,,,,,,,,,
?? ???? ??? ?????? ???? ??????,Partial Fraud,,,,,,,,,,,,,,,,,,,,,,
??????? ?? ????? ??????? ???? ????? ???,Partial Fraud,,,,,,,,,,,,,,,,,,,,,,
"?????????? ????? ??
????????? ????? ????? ?? ???",Partial Fraud,,,,,,,,,,,,,,,,,,,,,,
????????? ???? ????? ???? ???? ????? ??????,Partial Fraud,,,,,,,,,,,,,,,,,,,,,,
????? ???? ?????? ????? ?? ????,Partial Fraud,,,,,,,,,,,,,,,,,,,,,,
"???? ???? ???? ???? ?????
?????? ??",Partial Fraud,,,,,,,,,,,,,,,,,,,,,,
???? ????? ???? ?? ???????? ?? ????,Partial Fraud,,,,,,,,,,,,,,,,,,,,,,
???/??? ??????????? ??????,Partial Fraud,,,,,,,,,,,,,,,,,,,,,,
??? ??????? ??? ??? ??? ???? ?????,Partial Fraud,,,,,,,,,,,,,,,,,,,,,,
????? ????? ???? ??? ?? ???? ?????,Partial Fraud,,,,,,,,,,,,,,,,,,,,,,
Mb ????  ??  ???? ??? ???? ??? ???? ????? ?/? ?????  ??? ???? ????,Partial Fraud,,,,,,,,,,,,,,,,,,,,,,
??? ???? ???? ??? ???? ??? ??? ????????  ????? ???,Partial Fraud,,,,,,,,,,,,,,,,,,,,,,
????? ???? ????? ???,Partial Fraud,,,,,,,,,,,,,,,,,,,,,,
????? ??? ????? ??? ????,Partial Fraud,,,,,,,,,,,,,,,,,,,,,,
????? ?? ????? 200/400 must ????? ???? ???????,Partial Fraud,,,,,,,,,,,,,,,,,,,,,,
???? ????/???? ????,Partial Fraud,,,,,,,,,,,,,,,,,,,,,,
?????? ???? ????? ???? ??? ?? ???,Partial Fraud,,,,,,,,,,,,,,,,,,,,,,
Account ????? ???? ???? ?? ???? ????? ???? ,Partial Fraud,,,,,,,,,,,,,,,,,,,,,,
?? ???? ????  ???? ???? ??? ????? ?? ???? ?????,Partial Fraud,,,,,,,,,,,,,,,,,,,,,,
?? ???? ??? ?????? ???? ??????,Partial Fraud,,,,,,,,,,,,,,,,,,,,,,
????? ?? ?? ???? ??? ?? ?? ??????? ??? ????? ????? ????? ??????? ? ???? ?????? ,Partial Fraud,,,,,,,,,,,,,,,,,,,,,,
?? ????? ???? ???? ??? ???????????  ????? ??????? ?????? ??? ?????,Partial Fraud,,,,,,,,,,,,,,,,,,,,,,
???? ??????? ??????????? ????????,Partial Fraud,,,,,,,,,,,,,,,,,,,,,,
???? ???????  ???? ???? ??? ??? ???? ???? ??????  ??????? ??????  ???? ?????? ?,Fraud,,,,,,,,,,,,,,,,,,,,,,
??????? ????? ???????????? ????? ?????? ????,Partial Fraud,,,,,,,,,,,,,,,,,,,,,,
????? ??? ??????? ??? ??? ?????,Partial Fraud,,,,,,,,,,,,,,,,,,,,,,
??? ??????? ?????? ????,Partial Fraud,,,,,,,,,,,,,,,,,,,,,,
???????? ????? ??????? ??? ????,Partial Fraud,,,,,,,,,,,,,,,,,,,,,,
??? ??? ??? ?? ???? ??? ???? ?????? ????????,Partial Fraud,,,,,,,,,,,,,,,,,,,,,,
???? ??? ??? ??? ??? ????? ?? ?? ?????? ????? ?????? ?????? ???,Partial Fraud,,,,,,,,,,,,,,,,,,,,,,
???????? ??? ??? ????? ???? ?????  ??? ??????? ??? ,Partial Fraud,,,,,,,,,,,,,,,,,,,,,,
??? ?????? ???? ?? ???? ??? ?????,Partial Fraud,,,,,,,,,,,,,,,,,,,,,,
???? ???? ?????? ????? ??? ????,Partial Fraud,,,,,,,,,,,,,,,,,,,,,,
"??? ????? ??? ???? ??? ??
?? ???? ??? ?????? ???? ????? ",Partial Fraud,,,,,,,,,,,,,,,,,,,,,,
???????? ??? ???? ??????? ???????? (???-???)???? ???????   ?? ???? ????? ,Partial Fraud,,,,,,,,,,,,,,,,,,,,,,
???? ????????? ???????? ????? ?????? ???? ???? ??????,Partial Fraud,,,,,,,,,,,,,,,,,,,,,,
"????????? ????? ?,???/??,???++ ?????",Partial Fraud,,,,,,,,,,,,,,,,,,,,,,
?????????? ?? ??? ???????? ???? ????? ???? ??????,Partial Fraud,,,,,,,,,,,,,,,,,,,,,,
??? ?? ???? ??? ???? ?? ??????,Partial Fraud,,,,,,,,,,,,,,,,,,,,,,
??? ?? ????? ????????? ?? ??????? ??? ???? ??? ??? ????,Partial Fraud,,,,,,,,,,,,,,,,,,,,,,
?? ??????? ?????? ????? ??? ??? ?? ?????? ,Partial Fraud,,,,,,,,,,,,,,,,,,,,,,
"?? ???? ????  ???? ???? ??? ????? ?? ???? ?????__
?? ???? ??? ?????? ???? ??????",Partial Fraud,,,,,,,,,,,,,,,,,,,,,,
????'????,Partial Fraud,,,,,,,,,,,,,,,,,,,,,,
"??? ?????? ??, ???? ???'?? ??? ?????",Partial Fraud,,,,,,,,,,,,,,,,,,,,,,
???? ??????,Partial Fraud,,,,,,,,,,,,,,,,,,,,,,
?????? ???? ????? ???? ??? ?? ???,Partial Fraud,,,,,,,,,,,,,,,,,,,,,,
?? ?????? ???,Partial Fraud,,,,,,,,,,,,,,,,,,,,,,
? ?? ????? ???? ???? ??? ??? ???????,Partial Fraud,,,,,,,,,,,,,,,,,,,,,,
???? ???? ????? ???? ??????? ???? ????? ??? ???,Partial Fraud,,,,,,,,,,,,,,,,,,,,,,
??? ??????? ???? ? ??,Partial Fraud,,,,,,,,,,,,,,,,,,,,,,
?????? ???? ????? ??? ???? ????? ???? ?????,Partial Fraud,,,,,,,,,,,,,,,,,,,,,,
???? ?????? ????? ??? ???? ???????,Partial Fraud,,,,,,,,,,,,,,,,,,,,,,
???? ????? ???? ?????? ??? ????? ????? ???? ??????  ???????,Partial Fraud,,,,,,,,,,,,,,,,,,,,,,
??? ???? ???,Partial Fraud,,,,,,,,,,,,,,,,,,,,,,
??? ???? ??? ? ???? ????? ???? ???????? ???? ????? ????? ???? ???? ????? ????? ??????,Partial Fraud,,,,,,,,,,,,,,,,,,,,,,
"??? ??? ???, ???? ?????!!
",Partial Fraud,,,,,,,,,,,,,,,,,,,,,,
???? ???? ??? ??? ???? ?? ??? ??? ??? ???? ???,Partial Fraud,,,,,,,,,,,,,,,,,,,,,,
???? ???? ???? ???? ?? ? ????? ??? ????,Partial Fraud,,,,,,,,,,,,,,,,,,,,,,
?????? ??????? ??? ????? ???? ??? ????? ,Partial Fraud,,,,,,,,,,,,,,,,,,,,,,
???? ????? ?? ???? ???? ??????? ??? ?????? ??,Partial Fraud,,,,,,,,,,,,,,,,,,,,,,
??????? ????? ????? ????? ?? ????? ????? ????,Partial Fraud,,,,,,,,,,,,,,,,,,,,,,
???? ???? ??? ???,Fraud,,,,,,,,,,,,,,,,,,,,,,
????? ??? ??? ????? ???? ??? ??? ??? ??? ???? ??? ?? ?? ???? ?????????,Partial Fraud,,,,,,,,,,,,,,,,,,,,,,
?????? ??? ??? ????? ??? ???,Partial Fraud,,,,,,,,,,,,,,,,,,,,,,
??? ????? ???? ?????? ?? ?? ????? ????? ???????? ??? ???????,Partial Fraud,,,,,,,,,,,,,,,,,,,,,,
"???? ????? ???? ?? ????? ??? ?? ???? ??????
",Partial Fraud,,,,,,,,,,,,,,,,,,,,,,
??????? ??? ?????????? ????? ?? ????? ??,Partial Fraud,,,,,,,,,,,,,,,,,,,,,,
50-350 ???? ???????? ??? ???? ????-???? ?? ????? ?????? ?????? ???? ?????? ??????? ?????,Partial Fraud,,,,,,,,,,,,,,,,,,,,,,
? ???? ? ????? ??? ???? ???? ??? ?? ????? ????-???? ?????,Partial Fraud,,,,,,,,,,,,,,,,,,,,,,
???? ???? ???? ????? ???? ?????? ?????? ??????? ????? ???????,Partial Fraud,,,,,,,,,,,,,,,,,,,,,,
????? ??? ???? ????? ???? ????? ???? ?????? ?????? ?????? ??? ??????,Partial Fraud,,,,,,,,,,,,,,,,,,,,,,
"????? ?????????? ????????
??? ???? ?? ???? ??????? ????",Partial Fraud,,,,,,,,,,,,,,,,,,,,,,
???? ?? ???? ??? ????? ??? ??? ??? ???? ??? ???? ??????? ???? ?????? ,Partial Fraud,,,,,,,,,,,,,,,,,,,,,,
???? ???? ????? ???? ?? ???????? ?? ????,Partial Fraud,,,,,,,,,,,,,,,,,,,,,,
"? ??
??? ?????? ????? ????? ???? ????
",Partial Fraud,,,,,,,,,,,,,,,,,,,,,,
????? ??? ??? ???? ???? ???? ????,Partial Fraud,,,,,,,,,,,,,,,,,,,,,,
?????? ??????? ?? ????????? ???? ?????... ????????,Partial Fraud,,,,,,,,,,,,,,,,,,,,,,
"???? ????? ???????? ???????? 9,997??????? ??? ?? ?????? ??? ??? ???? ?????? ???????",,,,,,,,,,,,,,,,,,,,,,,
??? ????? ??????? ?????? ????? ?? ?????,,,,,,,,,,,,,,,,,,,,,,,
"?????????, ?????? ???????, ??????? ?????? ???? ??????",,,,,,,,,,,,,,,,,,,,,,,
"?? ??? ? ?????? ???? ?????? ???
",,,,,,,,,,,,,,,,,,,,,,,
"??????? ??????? ???? ?????? My Offers ???? ?????? ???
??? ?? ???? ??????",,,,,,,,,,,,,,,,,,,,,,,
????? ???? ??? ???? ????? ??? ??? ???? ??? ????,,,,,,,,,,,,,,,,,,,,,,,
??? ??? ???? ???? ?? ??? ??? ???? ???? ??,,,,,,,,,,,,,,,,,,,,,,,
"??????? ??????
??? ?? ???? ?????????? ??????",,,,,,,,,,,,,,,,,,,,,,,
??? ?????? ?? ???? ??????? ???? ?? ???? ????????,,,,,,,,,,,,,,,,,,,,,,,
????? ? ?? ?????? ?????  IDLC ?????? ?? ???? ???? ???? !!!!,,,,,,,,,,,,,,,,,,,,,,,
??? ??????? ????? ????? ???? ??? ????? ?-?? ??? ????? ?????.. ,,,,,,,,,,,,,,,,,,,,,,,
????????? ?????? ????? ???? ??? ??????? ????? ?????,,,,,,,,,,,,,,,,,,,,,,,
"???? ???? ????? ??????? ????,, ?? ?? ???? ??????? ??? ???? ?? ??? ?? ?????? ????,?? ????? ? ????? ???? ??? ?? ???? ?????",,,,,,,,,,,,,,,,,,,,,,,
?????? ?? ??? ?? ????? ???? ??? ??? ?? ???? ??? ??????,,,,,,,,,,,,,,,,,,,,,,,
??????? ???? ????? ???? ??? ??? ??? ???? ?????,,,,,,,,,,,,,,,,,,,,,,,
????? ?? ??? ??? ??? ?????,,,,,,,,,,,,,,,,,,,,,,,
"??? ???????? ?? ???? ?????? ???? ????? ????? ??????? ??? ??????
",,,,,,,,,,,,,,,,,,,,,,,
"?? ??????? ???? 400 ???? ???? ??????
",,,,,,,,,,,,,,,,,,,,,,,
"??? ???? ?????? ?????? ??
",,,,,,,,,,,,,,,,,,,,,,,
???? ????? ??? ?? ??? ????? ? ?????? ?? ???? ????,,,,,,,,,,,,,,,,,,,,,,,
"30??????? ????? ?????? ???? use ??? ???????????
",,,,,,,,,,,,,,,,,,,,,,,
??? ?????? ?????? ??????? ??? ????? ????? ????? ???? ?????? ??????? ????? ????? ????? ??? ??? ????? ????? ????? ?????,,,,,,,,,,,,,,,,,,,,,,,
"???? ????? ??????? ????? ?????? ??????, ??? ??? ??????? ?? ???? ???? ???? ???, ??? ?? ??????",,,,,,,,,,,,,,,,,,,,,,,
??????? ????????? ???? ?? ?? ???????!?,,,,,,,,,,,,,,,,,,,,,,,
?????? ???? ???? ????? ?? ????????? ??? ???? ?????? ???? ???? ??? ????? ????? ???????,,,,,,,,,,,,,,,,,,,,,,,
???? ????? ????? ??? ???? ?????,,,,,,,,,,,,,,,,,,,,,,,
"???? ????? ??????? ??? ????? ?? ???? ???????? ?? ???? ?????????? ???? ?????
?? ???? ??????? ????? ?????? ?????????? ????? ???",,,,,,,,,,,,,,,,,,,,,,,
??????? ????? ? ?? ?????? ???????? ?????,,,,,,,,,,,,,,,,,,,,,,,
??????????? ???????? ??? ??????? ???? ??? ??? ?????????? ??? ????? ???? ???? ?? ???????? ???? ???? ??????? ?????? ??? ??? ???? ????? ??? ??,,,,,,,,,,,,,,,,,,,,,,,
??? ???? ??? ????? ?? BTRC ?? ???? ???? ?????????? ??? ?? ???? ??? ????? ???? ??? ??????? ???? ???? ?? ??????? ???? ?????????? ????? ???? ??? ??? ???,,,,,,,,,,,,,,,,,,,,,,,
"?? ??????? ????? ?,???/- ?? ???, ?? ???????? ??? ? ???? ????? ????, ?????!!",,,,,,,,,,,,,,,,,,,,,,,
??? ????????? ???? ???? ????? ?????? ???,,,,,,,,,,,,,,,,,,,,,,,
??? ?/ ? ??? ??? ?????? ?????????????? ???? ???? ??????? ?????,,,,,,,,,,,,,,,,,,,,,,,
?????? ??????? ??? ???? ??? ??? ?? ??? ???? ????? ? ??? ????? ??? ???? ??? ????? ?????,,,,,,,,,,,,,,,,,,,,,,,
"??? ??? ??? ??? ?????? ?? ??
??? ?? ??? ?????? ??????? ??? ???",,,,,,,,,,,,,,,,,,,,,,,
"??? ??? ??? ??? ?????? ??????? ??? ?? ??? ???? ???? ??? ?????? ????, ????? ????? ??? ??? ????",,,,,,,,,,,,,,,,,,,,,,,
Honor 10x lite ?? ???? ????? ??????? ?????,,,,,,,,,,,,,,,,,,,,,,,
"??? ?????? ?? ????? ????? PDF ???? ??????? ??? ?????
",,,,,,,,,,,,,,,,,,,,,,,
"???? ??? ?????? ?? ??,, ?????? ??? ?????? ???? ????? ?? ??? ???",,,,,,,,,,,,,,,,,,,,,,,
"????? ?????? ??? ????? ???? ????? ??????
",,,,,,,,,,,,,,,,,,,,,,,
??????? ??? ?????? ???????? ????????? ??? ???? ??? ????,,,,,,,,,,,,,,,,,,,,,,,
?????? ??????? ??? ?????? ??? ????? ???? ??? ??? ?????? ?????? ??? ???? ???? Cyber Crime Unit ? ??? ???? ??????????? ?????? ???? ??? ???? ?? ???? ????? ????? ???? ???? ?????? ???????,,,,,,,,,,,,,,,,,,,,,,,
"???? ??? ???? ?????? ???? ???? ????? ????,,, ?????? ???? ?????? ???????? ??? ????",,,,,,,,,,,,,,,,,,,,,,,
"????? ????????? ??? ?????? ?? ???? ??????? ????? ??? ????? ??? ????????? ???? ??? ?????? ???? ?????? ???? ???? ??????, ??? ????? ??? ????? 
??? ???? ?????/???? ??????? ???? ???? ???? ??? ????",,,,,,,,,,,,,,,,,,,,,,,
"??? ????+ ????? ?????? ????? ?????  ????? ?????? ????? ??? ???? ??? ? ????  ?????? ??? ???  ???????? ????? ????? ???? ???? ??? ????? ????? ?? ?? ??????
 ???? ?????? ????? ?????? ???????? ???? ??????? ???? ????  
????? ?????? ??? ???????",,,,,,,,,,,,,,,,,,,,,,,
???????? ???? ???? ????? ?????? ??????,,,,,,,,,,,,,,,,,,,,,,,
"??? ??????? ??? ???? ????? ???? ??? ????
",Fraud,,,,,,,,,,,,,,,,,,,,,,
"??? ??? ?? ???????? ??????? ??,??? ???? ?????? ??????????? ???? ??????? ?? ??? ????? ?????? ???? ?? ????????? ??? ?????? ??? ?? ??????? ???????? ???????",Partial Fraud,,,,,,,,,,,,,,,,,,,,,,
????? ???? ???? ??? ???? ??????,Fraud,,,,,,,,,,,,,,,,,,,,,,
"?? ??? ?? ?????? ????? ??????? ???? ????, ????? ???????? ?????? (?????) ??????? ?????",Fraud,,,,,,,,,,,,,,,,,,,,,,
"??? ????? ???? ???? ????,??? ? ???? ??? ????? ???????? ?????? ???? ?????? ?????",Fraud,,,,,,,,,,,,,,,,,,,,,,
"??? ?????? ?? ??? ?????? ????, ?????? ???? ??? ???????? ??? ???? ????? ????? ????? ???",Fraud,,,,,,,,,,,,,,,,,,,,,,
????? ?? ?????? ????? ???? ???? ????????? ?? ???? ????? ??? ??? ??????,,,,,,,,,,,,,,,,,,,,,,,
"????? ???? ????????????, ????? ??? ????? ???? ? ?? ??? ???? ????",,,,,,,,,,,,,,,,,,,,,,,
"Bkash Pin ???? ???? ????? ???? ?? ???? ???,  ?? ?? ???? ??????? ????",Fraud,,,,,,,,,,,,,,,,,,,,,,
????? ??????? ??? NID card ???? ???? ???? ????? ???? ??? ????? ???????????,,,,,,,,,,,,,,,,,,,,,,,
"????? ?? ??? ??? ??? ???? ?????
",,,,,,,,,,,,,,,,,,,,,,,
October ????? ??????? ??? ??? ???? ???? ???? ?????? ??? ?? ???,,,,,,,,,,,,,,,,,,,,,,,
"November ???? ????? ????? ? ????? ??? ?? ???? ??? ?????
??? ????? ????? ? ????? ??????? ????? ??? ??? ????????",,,,,,,,,,,,,,,,,,,,,,,
"??????? ????? ???, ??? ???? ????? ???? ????? ????? ??? ??? ?????",,,,,,,,,,,,,,,,,,,,,,,
"???? ???, ???????? ????????",,,,,,,,,,,,,,,,,,,,,,,
"??? ??????? ??????? ???? ??? ???????? ???????
??? ??? ????? ??????,
?????? ??????????? ?????? ???????? ",,,,,,,,,,,,,,,,,,,,,,,
"????????? ??????? ???? ???? ???? ?????? ???????? ???? ????? ??????,  ?????? ??? ??????? ????? ????? ???!",,,,,,,,,,,,,,,,,,,,,,,
??????? ?? ????? ?? ?????? ????? ???? ????? ???? ?? ????? ????? ???? ???? ???? ???????? ???? ???????,,,,,,,,,,,,,,,,,,,,,,,
"??? ??? ?? ????? ???????? ???? ???? ???? ???? ??? ????, ??? ?? ???????? ????? ???????? ??????? ?? ?????",,,,,,,,,,,,,,,,,,,,,,,
????? ??? ???? ??? ????? ????? ??? ???? ???? ????? ????? ?? ????? ?? ?? ???? ,,,,,,,,,,,,,,,,,,,,,,,
??????? ?????? ????? ????? ???? ????? QR ??????? ??? ??????? ???? ???? ????? ????,,,,,,,,,,,,,,,,,,,,,,,
????? ???? ????? ? ?? ????? ?? ??? ??? ??? ??? ????? ??????? ???? ????? ?? ??? ???????? ????? ?????,,,,,,,,,,,,,,,,,,,,,,,
"???? ????? ?????, ????? ?????? ??? ?????? ???!",,,,,,,,,,,,,,,,,,,,,,,
?? ????? ?????? ???? ?????? ??? ?? ??? ???? ??????,,,,,,,,,,,,,,,,,,,,,,,
,,,,,,,,,,,,,,,,,,,,,,,
,,,,,,,,,,,,,,,,,,,,,,,
,,,,,,,,,,,,,,,,,,,,,,,
,,,,,,,,,,,,,,,,,,,,,,,
,,,,,,,,,,,,,,,,,,,,,,,
????? ?? ???? ???? ????? ??? ????? ???? ???,,,,,,,,,,,,,,,,,,,,,,,
???? ???? ???????? ??? ???? ?????????? ???? ???,,,,,,,,,,,,,,,,,,,,,,,
????? ??????? ?????? ?????? ???? ????? ???? ???? ???????? ??????? ????? ??????,,,,,,,,,,,,,,,,,,,,,,,
"?? ???? ???????? ???? ????? ???????????? ???? ???
",,,,,,,,,,,,,,,,,,,,,,,
??????? ???????? ???? ???? ?,,,,,,,,,,,,,,,,,,,,,,,
???????? ???? ???? ??????? ??????? ???????? ????? ????,,,,,,,,,,,,,,,,,,,,,,,
????? ??? ??????? ??? ??? ?????,,,,,,,,,,,,,,,,,,,,,,,
??% ??????????? ?????????? ???????? ??? ???? ???????,Partial Fraud,,,,,,,,,,,,,,,,,,,,,,
?????????? ???????? ???????? ?? ????,,,,,,,,,,,,,,,,,,,,,,,
????? ???? ????? ?????? ??? ????? ???? ?? ???? ????,,,,,,,,,,,,,,,,,,,,,,,
"??? ???? ???? ??? ???? ???? ??? ?????
",,,,,,,,,,,,,,,,,,,,,,,
"?? ????,,,?????? ??????????? ????",,,,,,,,,,,,,,,,,,,,,,,
"???? ???? ??,,????? ????? ???? ??????? ???? ???
",,,,,,,,,,,,,,,,,,,,,,,
"??????? ?? ??????? ?? ????? ??
",,,,,,,,,,,,,,,,,,,,,,,
??? ???????? ?? ???? ??????? ??????? ????,,,,,,,,,,,,,,,,,,,,,,,
?? ??? ? ???? ?????? ????,,,,,,,,,,,,,,,,,,,,,,,
"???? ??? ??????,
??????? ???? ????????? ???? ???? ???",,,,,,,,,,,,,,,,,,,,,,,
????? ??????? ?? ???? ????? ????? ??? ? ???? ?? ? ,,,,,,,,,,,,,,,,,,,,,,,
????? ???? ??? ???? ??? ?????? ??? ??? ?? ???,,,,,,,,,,,,,,,,,,,,,,,
"????? ????? ???????, ???? ????? ?????????? ???? ?????? ??? ???,,,,",,,,,,,,,,,,,,,,,,,,,,,
"??? ?????? ?? ?????? ???? ?? ?? %????
",,,,,,,,,,,,,,,,,,,,,,,
"???? ??? ???? ???? ??? ??? ???? ?????? ???? ?????
",,,,,,,,,,,,,,,,,,,,,,,
"????? ??,???????? ???? ????? ??%??? ???? ??? ????? ???? ??? ???? ????? ?? ??? ????",,,,,,,,,,,,,,,,,,,,,,,
????? ????? cancel ???? ?? ??? ??? ???? ??????? ? ??? ????,,,,,,,,,,,,,,,,,,,,,,,
"???????? ???? ??? ??????
????????????? ?? ???? ???????? ??? ????",,,,,,,,,,,,,,,,,,,,,,,
"5 ??? ??? ?? ????
",,,,,,,,,,,,,,,,,,,,,,,
???? ????????,,,,,,,,,,,,,,,,,,,,,,,
???????? ? ?? ???? ??? ???!! ? ??? ???,,,,,,,,,,,,,,,,,,,,,,,
"??? ??????? ????? ?? fraud ??????
",,,,,,,,,,,,,,,,,,,,,,,
??? ??? ????? ??? ???? ????? ??? ????? ?????? ???????????? ?????,,,,,,,,,,,,,,,,,,,,,,,
??? ???? ?????? ????? ???? ????? ???? ??????? ?????????,,,,,,,,,,,,,,,,,,,,,,,
???? ? ??? ?????? ??,,,,,,,,,,,,,,,,,,,,,,,
??? ?? ????? ?? ???? ?????? ?????,,,,,,,,,,,,,,,,,,,,,,,
"??? ???? ????? ,",,,,,,,,,,,,,,,,,,,,,,,
???? ???? ?? ???? ?,,,,,,,,,,,,,,,,,,,,,,,
"???? ????? ?????????
??????? ???? ???",,,,,,,,,,,,,,,,,,,,,,,
?? ????? ?? ?????,,,,,,,,,,,,,,,,,,,,,,,
"??? ??? ??? ?? ?????? (???????) ?????? ????
????? ????? ????????? ?? ???? ??????? ???? ????",,,,,,,,,,,,,,,,,,,,,,,
??? ?? ??????? ????? ?????? ??? ????? ????? ????? ??? ???? ?????,,,,,,,,,,,,,,,,,,,,,,,
?????? ????? ??? ???,,,,,,,,,,,,,,,,,,,,,,,
????? ??-??,,,,,,,,,,,,,,,,,,,,,,,
???? ??? ???? ?????? ???! ????? ???? ?? ??? ??????? ?????! ??? ?? ??????? ???? ?????????? ???? ?,,,,,,,,,,,,,,,,,,,,,,,
????????? ??????? ???? ?????,,,,,,,,,,,,,,,,,,,,,,,
?? ??? ????? ????,,,,,,,,,,,,,,,,,,,,,,,
?? ??????? ?? ?????? ?????? ??????? ???? ??? ??? ?? ??????,,,,,,,,,,,,,,,,,,,,,,,
"?? ??????? ??? ????? ???????, ???? ???? ???? ???? ???? ???? ???",,,,,,,,,,,,,,,,,,,,,,,
????? ?? ???? ??????? ???? ???? ?? ????? ?? ??????? ???? ??? ?? ?? ???? ???? ??? ??,,,,,,,,,,,,,,,,,,,,,,,
?? ??? ?????? ???????? ???? ?? ???? ?????????? ?????,,,,,,,,,,,,,,,,,,,,,,,
??? ??? ?? ????? ?? ??????? ??? ??? ????,,,,,,,,,,,,,,,,,,,,,,,
"?? ??? ?????? ???????? ???? ?? ???? ?????????? ?????
",,,,,,,,,,,,,,,,,,,,,,,
???? ? ??? ????? ??? ????? ??,,,,,,,,,,,,,,,,,,,,,,,
"?????? ??? ?????
",,,,,,,,,,,,,,,,,,,,,,,
??? ?????? ???? ????? ??? ???? ????? ???? ????? ?? ????????? ??????? ???? ,,,,,,,,,,,,,,,,,,,,,,,
??? ???? ????? ??? ???????,,,,,,,,,,,,,,,,,,,,,,,
??? ??? ??? ????,,,,,,,,,,,,,,,,,,,,,,,
??????? ?????? ?????????? ?? ????? ????,,,,,,,,,,,,,,,,,,,,,,,
?????????? ??????? ???????,,,,,,,,,,,,,,,,,,,,,,,
?? ???? ???? ??? ??? ??????? ??? ????? ??????? ??????? ????? ????,,,,,,,,,,,,,,,,,,,,,,,
???? ?? ???? ?? ??? ???? ???? ??????? ?????,,,,,,,,,,,,,,,,,,,,,,,
"????? Exchange ??? ?? ????? ????
???? ??? ??",,,,,,,,,,,,,,,,,,,,,,,
???? ????? ????? ?? ?? ?????? ???? ?? ????,,,,,,,,,,,,,,,,,,,,,,,
??? ?? ????? ??????? ??????,,,,,,,,,,,,,,,,,,,,,,,
???? ?????? ??? ??? ????? ????? ?? ??!,,,,,,,,,,,,,,,,,,,,,,,
??????? ?????????? ?? ????? ????? ??? ?????,,,,,,,,,,,,,,,,,,,,,,,
?????? ???? ????????????? ? ??????????? ??? ??????? ????? ??? ??????,,,,,,,,,,,,,,,,,,,,,,,
??? ???? ?????? ??????,,,,,,,,,,,,,,,,,,,,,,,
??????? ???????? ?????? ??????? ??????? ???????? ???? ???? ????????? ???? ???? ??????!,,,,,,,,,,,,,,,,,,,,,,,
???? ??? ?????? ?????,,,,,,,,,,,,,,,,,,,,,,,
"?????, ????? ??? ????? ??? ???? ??????? ???? ???",,,,,,,,,,,,,,,,,,,,,,,
?? ????? ? ????? ?????? ???? ???? ??? ???? ???? ??????,,,,,,,,,,,,,,,,,,,,,,,
"???? ???? ? ?????? ?????? ???? ?????? ? ??? ??????? ?????,",,,,,,,,,,,,,,,,,,,,,,,
????? ???? ?????? ???? ????? ???,,,,,,,,,,,,,,,,,,,,,,,
????? ???????? ??????? ?? ????? ???????? ??? ??????,,,,,,,,,,,,,,,,,,,,,,,
?????? ?????? ????? ???? ?????? ????,,,,,,,,,,,,,,,,,,,,,,,
"????? ????????? ? ?? ???? ????,",,,,,,,,,,,,,,,,,,,,,,,
??????? ????? ??????? ????????,,,,,,,,,,,,,,,,,,,,,,,
?????? ????????? ??????? ????????,,,,,,,,,,,,,,,,,,,,,,,
????????? ??????? ?????????,,,,,,,,,,,,,,,,,,,,,,,
"????? ???? ?????? ???? ???? ???? ??????
",,,,,,,,,,,,,,,,,,,,,,,
????? ??? ?? ?????? ??????? ??? ???? ???,,,,,,,,,,,,,,,,,,,,,,,
????? ??????? ?????? ??? ?????? ????? ????? ???,,,,,,,,,,,,,,,,,,,,,,,
??? 30000 ????? ??????? ????? ???? ?????,,,,,,,,,,,,,,,,,,,,,,,
?? ?????? ?????????? ?? ??? ?????????,,,,,,,,,,,,,,,,,,,,,,,
?????? ?????? ?? ?????,,,,,,,,,,,,,,,,,,,,,,,
?????? ???? ?? ???? ?????????? ????? ???,,,,,,,,,,,,,,,,,,,,,,,
??? ???? ???????? ????? ? ?????? ??????? ???? ???,,,,,,,,,,,,,,,,,,,,,,,
?????????? ????? ??? ???? ????? ?????? ????,,,,,,,,,,,,,,,,,,,,,,,
?? ???? ?????? ????? ????? ?? ????,,,,,,,,,,,,,,,,,,,,,,,
??? ???? ???? ????? ????? ????,,,,,,,,,,,,,,,,,,,,,,,
"??? ???? ???, ?????? ??? ?? ??? ????",,,,,,,,,,,,,,,,,,,,,,,
"?? ???, ?? ???? ??????? ????? ???????",,,,,,,,,,,,,,,,,,,,,,,
????? ????? ???????? ???? ?????? ????? ???? ?? ??????,,,,,,,,,,,,,,,,,,,,,,,
"?????? ??????? ???? ?? ???????? ?????? ?? ?????????? ????? ????,,?",,,,,,,,,,,,,,,,,,,,,,,
"???? ????? ??? ???? ??? ???? ,, ??? ??? ??? ??? ?????? ,,,?? ???? ????? ????? ?? ,, ????? ????? ????",,,,,,,,,,,,,,,,,,,,,,,
???? ????? ???? ??? ??? ???? ??? ????? ???? ?????? ????????? ?????? ??????? ???? ??? ???????? ??? ?? ???,,,,,,,,,,,,,,,,,,,,,,,
?????? ???? ????? ???????? ????? ????? ?????- ?????? ????? ?????? ??????????? ???? ??? ?????? ???? ??? ?????? ??? ??? ?????????? ??? ?????? ????? ???? ???? ????? ????? ? ?????????? ??? ??? ???? ????? ?????? ??? ??? ????? ?? ?? ?? ???? ???? ???? ????? ????? ????????? ????? ???????? ??????,,,,,,,,,,,,,,,,,,,,,,,
??????? ?? ???? ?? ????? ?????? ?? ???? ???? ??????,Fraud,,,,,,,,,,,,,,,,,,,,,,
"???????? ???? ???? ???? ????, ???????? ?????? ??? ???? ??? ??? ??????? ",Fraud,,,,,,,,,,,,,,,,,,,,,,
????? ?????? ??????? ???? ??????? ?? ?? ????? ???? ?? ???? ?????? ???? ????? ??? ??? ???? ???????..??,Fraud,,,,,,,,,,,,,,,,,,,,,,
???? ????? ??????? ? ???? ????? ???? ? ??? ?? ?????? ??? ???? ???? ??? ??? ????? ????...??? ??? ?? ???? ??? ????,Fraud,,,,,,,,,,,,,,,,,,,,,,
????? ?? ????? ?? ????? ??? ????? ??? ??? ?? ?.?? ??? ?????? ??? ??? ??? ???? ????? ??? ???????,,,,,,,,,,,,,,,,,,,,,,,
????? ??????? ???? ????? ???? ??????? ????????? ???????? ???????,,,,,,,,,,,,,,,,,,,,,,,
??? 2 ?????? ??????? ??????? ??? ??? ?????? ???????? ??? ??? ???? ???? ???? ?????? ????? ?????? ??? ??? ??? ? ????? ????? ???? ???????? ??? ???? ?????? ?? ? ??? ??? ???? ??? ? ???? ????? ???,Fraud,,,,,,,,,,,,,,,,,,,,,,
????? ????????? ???? ??? ???? 35000???? ???? ???? ???? ?? ??? ???????? ?????,Fraud,,,,,,,,,,,,,,,,,,,,,,
???? ????? ???? ???? ????,Fraud,,,,,,,,,,,,,,,,,,,,,,
"??? ?? ??/??/???? ?????? ???? ??? ?????? ???? ?????? ??? ?????? ?????? ???? ???? ???? ??????? ?? ???? ??? ?????? ????? ??? ????? ? ????? ?????? ????? ???? ?????? ?????? ??? ????? ??? ??? ???? ?????? ? ??? ??? ???? ???? ???? ???? ?????? ????? ????? ??? ???? ??? ??? ??? ??? ""????? ?????? ?? ??? ????? ?????? ??? ?????""",Fraud,,,,,,,,,,,,,,,,,,,,,,
????? ???? ??????? ?????? ?????? ????? ??????? ?????? ????? ????? ?????? ?????? ???? ????? ????? ?????? ??????? ?????? ???? ?? ???????? ??? ????? ??? ???? 3 ????? ????! ??? ???????? ???? ???? ????? ???? ??? ??? ,Fraud,,,,,,,,,,,,,,,,,,,,,,
"??? ?????? ??? ??????  ????? ????,,, ?????? ????? ???? ???? ????,, ???? ??? ?????? ???? ??????",Fraud,,,,,,,,,,,,,,,,,,,,,,
??? ???? ????? ???? ????? ???? ????? ????? ????? ???? ????? ???????? ???? ??????? ???? ???? ???? ?????? ???????? ???? ??,Partial Fraud,,,,,,,,,,,,,,,,,,,,,,
? ???????? ???? ??? ????? ??? ??????? ???? ??????? ???????? ?? ??????? ????? otp system ????? ??% ???? ??? ???????? ??????? ???? ???? ?????? ? ???? ??? ?????? ????,,,,,,,,,,,,,,,,,,,,,,,
??? ????? ???? ???? ??? ??????? ????? ???? ???????? ??? ??? ????? ???? ???? ??? ??? ????? ????? ???? ???,,,,,,,,,,,,,,,,,,,,,,,
"??? ??? ????? ???? ????????, ??? ?? ????? ??????? ?????????? ???? ???? ????????? ????? ???? ???? ???? ????? ??? ??????? ? ??????? ???? ??????   ???? ??? ???????????? ?????? ???????",Fraud,,,,,,,,,,,,,,,,,,,,,,
??? ??? ????? ??? ???? ????? ????? ????? ?????? ??? ?????? ?????? ??? ???? ???? ???? ???????? ???,Fraud,,,,,,,,,,,,,,,,,,,,,,
???? ???? ???? ???? ???? ???? ???? ???????? ???? ????? ?????? ???? ???? ?,Fraud,,,,,,,,,,,,,,,,,,,,,,
????? ???? ??? ???????? ? ????? ???? ??????? ???? ???? ??? ?????????,,,,,,,,,,,,,,,,,,,,,,,
"?????? ???? ???????? ???? ???? ??? ??? ??????? ??????? ????? ???? ????? ??? ???? ??? ????,",,,,,,,,,,,,,,,,,,,,,,,
"???? ?????? ?????? ??,??? ???? ???? ? ?????? ??? ? ???? ?? ??? ?????, ?????? ??? ??? ?????? ",Fraud,,,,,,,,,,,,,,,,,,,,,,
???? ??? ???? ????? ?? ??????? ????? ???? ???? ??? ??? ???? ?? ???? ?????? ??? ??? ?????? ???? ?? ??? ???? ??????? ? ???? ???? ???? ?????? ???? ???,Fraud,,,,,,,,,,,,,,,,,,,,,,
???? ??? ???? ??????? ???? ??????? ??? ???? ?????? ???? ???? ??? ?????? ?????,Fraud,,,,,,,,,,,,,,,,,,,,,,
???? ?? ????????? ???? ???????????? ???? ???? ???? ?????????? ?????? ???? ????? ???????? ???? ????? ?? ???? ?? ? ??? ??? ???? ???? ???? ??? ??????? ??? ????? ??????????? ??? ???? ???? ???? ?????? ?? ?? ?????? ????? ?????,Fraud,,,,,,,,,,,,,,,,,,,,,,
?????? ????????? ??? ?? ???? ???? ???? ???? ????????,,,,,,,,,,,,,,,,,,,,,,,
?? ?? ???? ?? ????? ???? ??? ???? ?????,,,,,,,,,,,,,,,,,,,,,,,
??? ????? ???? ??? *???# ???? ???? ????? ?????,,,,,,,,,,,,,,,,,,,,,,,
????? ???? ??????? ???????,,,,,,,,,,,,,,,,,,,,,,,
"???? ????? ??? ??? ??? ??????,",,,,,,,,,,,,,,,,,,,,,,,
"?? ????? ??? ???, ???? ????? ????? ???? ???? ????? ???? ??? ??? ????",,,,,,,,,,,,,,,,,,,,,,,
??? ???? ????? ??? ???? ?? ????? ???? ?????? ??? ???? ????? ??? ??? ???? ???????,Fraud,,,,,,,,,,,,,,,,,,,,,,
??? ???? ????? ??? ??? ???? ???? ??? ??? ???, ,,,,,,,,,,,,,,,,,,,,,,
"???? ???????? ?? ??? ????????  ?? ??????, ??? ?? ???? ???? ????? ??? ???? ?????????,,,",,,,,,,,,,,,,,,,,,,,,,,
???? ???? ?????? ??? ???? ???? ????? ???,,,,,,,,,,,,,,,,,,,,,,,
??? ????? ?? ????? ????????? ????? ?????? ????? ?????? 40 ????? ????? ??? ???????? ??? ??????? ??????? ??? ???? ?????????? ????? ???,,,,,,,,,,,,,,,,,,,,,,,
?????? ??? ??? ?????? ?????? ????? ????? ??? ??? ???? ??? ??? ???? ??? ??? ??? ??? ????? ??? ???? ???,,,,,,,,,,,,,,,,,,,,,,,
"??? ??? ???? ????? ???? ??? ???? ?????? ????????? ???? ?????? ?? ???? ??? ??? ???????? ?? ??? ???? ?? ?????? ???? ???? ???? ???? ???? ?? ???????? ??  ???? ?????? ???? ????????? ???? ???? ?????? ???? ????? ???? ????? ????? ??? ??????, ????????????? ????? ???? ???????? ?????? ???? ????? ??? ???? ???? ????? ??????? ???? ????????",,,,,,,,,,,,,,,,,,,,,,,
? ??? ???? ??? ???? ?????????? ???? ???? ????,,,,,,,,,,,,,,,,,,,,,,,
"??? ?? ????? ???? ?????????
?? ???? ??? ???? ??????",,,,,,,,,,,,,,,,,,,,,,,
??  ??????? ???? ?? ??? ????? ????? ???? ?????? ???????? ?-? ??? ???,,,,,,,,,,,,,,,,,,,,,,,
"??? ????? ??/??/?? ??? ??? ???? ?????? ?? ????? ????????? ??????? ?????,,????? ????? ????? ????,,??? ??? ?? ???? ??????",,,,,,,,,,,,,,,,,,,,,,,
,,,,,,,,,,,,,,,,,,,,,,,
? ??? ??? ???? ????? ??? ??????? ??? ????? ????? ?? ???? ??? ??? ??? ??? ???? ????,,,,,,,,,,,,,,,,,,,,,,,
?? ??? ??? ????? ????? ????? ???? ???? ??? ??? ????????,,,,,,,,,,,,,,,,,,,,,,,
"???? ???? ??? ?????,, ?????? ??? ?????? ??? ???  ?? ???,, ??? ????? ??????,, ???? ??????",,,,,,,,,,,,,,,,,,,,,,,
?? ??? ??? ???? ??? ????? ???? ???? ????? ?????? ???? ??? ??? ???? ???? ????? ??????? ??? ??????? ???? ??? ???? ????? ??????? ???? ??? ?????? ????? ??????? ???? ?? ?? ??? ??? ???,,,,,,,,,,,,,,,,,,,,,,,
????????? ??? ???? ??? ??? ?? ???????? ??? ??? ??? ?????? ???? ??? ?? ????,,,,,,,,,,,,,,,,,,,,,,,
???? ????? ???? ???? ?????????? ??????????????? ???? ????????,,,,,,,,,,,,,,,,,,,,,,,
????? ??? ? ?????.???? ?????? ????? ,,,,,,,,,,,,,,,,,,,,,,,
????? ???? ??? ???? ???? ???? ???? ?? ??? ??? ???? ???? ???? ?? ????? ???? ?????? ??? ????? ??????? ?????? ????? ???? ????,,,,,,,,,,,,,,,,,,,,,,,
?? ????? ??????? ???? ????????? ???? ????,,,,,,,,,,,,,,,,,,,,,,,
"??? ?? ???????? ???? ??????? ?? ????? ????? ????? ???????????? ????, ?????? ??? ????? ????? ????? ???? ???? ???? ??? ??????? ???? ???? ????? ????? ??? ????? ?????? ???? ??????? ???? ?????",,,,,,,,,,,,,,,,,,,,,,,
????? ?????????????????????????????????? ???? ??????????????????? ????????????,,,,,,,,,,,,,,,,,,,,,,,
???? ???????? ??? ??? ???? ????? ????? ????? ???? ?????? ???? ???? ????.... ?????? ??? ?? ??? ??????? ???? ????? ???? ?????? ?????? ??? ?? ?????,,,,,,,,,,,,,,,,,,,,,,,
???? ?????? ???? ???? ??????? ??? ?? ????? ???? ???? ?? ??????? ?????? ???? ???? ??? ??????? ???? ??? ??? ??????? ???? ?????? ??,,,,,,,,,,,,,,,,,,,,,,,
???? ?????? ???? ???? ??????? ??? ?? ????? ???? ???? ?? ??????? ?????? ???? ???? ??? ??????? ???? ??? ??? ??????? ???? ?????? ??,,,,,,,,,,,,,,,,,,,,,,,
????  30000 ????  ????  ???? ??? ???,,,,,,,,,,,,,,,,,,,,,,,
"???? ???? ??? ???? ??? ???? ?????? ????? ???? ???? ?????  ?????? ????????? ???? ?????,????? ????? ??????? ???, ??? ??? ????? ??????? ????, ??? ???? ????? ????? ????,??? ?????? ???? ????? ????? ???? ???? ????",,,,,,,,,,,,,,,,,,,,,,,
???? ?? ?????  ?/???? ?? ???? ????? ???? ????? ??? ??????,,,,,,,,,,,,,,,,,,,,,,,
??? ??/??/?? ?? ????? ? ?? ????? ????????? ????? ??. ??? ????? ? ???????? ??? ?????? ???? ????? ???? ???? ???.,,,,,,,,,,,,,,,,,,,,,,,
????? ???? ? ???? ??? ? ???????? ?????,,,,,,,,,,,,,,,,,,,,,,,
"?? ?? ??????? ???? 
???? ????? ???? ????? ??? 
?? ????? ???? ???? ???????",,,,,,,,,,,,,,,,,,,,,,,
"???? ???  ???? 7,000/- ???? ???????? ?????? ??? ???,2015 ?????",,,,,,,,,,,,,,,,,,,,,,,
???? ????  ??? ??? ????????? ????? ????? ???? ????? ???? ?????????,,,,,,,,,,,,,,,,,,,,,,,
???? ???? ???? ???? ?? ?????? ???? ????? ?? ?? ??? ???? ????? ???  ???? ?????? ???????,,,,,,,,,,,,,,,,,,,,,,,
???? ? ?????/- ??? ???? ????????? ????,,,,,,,,,,,,,,,,,,,,,,,
???? ??? ???? ?? ??????? ?? ????? ???? ???? ?????,,,,,,,,,,,,,,,,,,,,,,,
"????? ???? ???? ?? ????? ???? ???? ????,,,,, ??? ?? ????? ????? ?? ???? ???,",,,,,,,,,,,,,,,,,,,,,,,
?? ???? ??? ???? ???? ???? ????,,,,,,,,,,,,,,,,,,,,,,,
???? ??? ?????? ?? ????,,,,,,,,,,,,,,,,,,,,,,,
???? ? ???? ???? ???? ?? ???????,,,,,,,,,,,,,,,,,,,,,,,
????  ?? ?????  ???? ????  ??? ???? ????? ????,,,,,,,,,,,,,,,,,,,,,,,
???? ????? ???? ???? ???? ???????? ?????? ?/?/???? ? ,,,,,,,,,,,,,,,,,,,,,,,
?????? ??? ???? ????? ????   6500 ???? ??????? ?????  ???????? ???  ????  ????  ???  ???? ???? ????? ?????  ???  ?????  ????  ????  ????? ??? ???,,,,,,,,,,,,,,,,,,,,,,,
???? ????? ? ??? ??? ?? ????? ???? ?? ???? ????,,,,,,,,,,,,,,,,,,,,,,,
????? ???? ????? ???? ???? ???? ?????? ??????,,,,,,,,,,,,,,,,,,,,,,,
????? 3 ???? ???? ?? ???? ???? 50.000????? ???? ???? ?????? ???? ,,,,,,,,,,,,,,,,,,,,,,,
?? ??? ???? ????? ???? ???? ??? ????. ??????? ???? ?????? ???? ?? ??? ??.,,,,,,,,,,,,,,,,,,,,,,,
"???? ???? ??? ????,,,,,10,000???? ??????",,,,,,,,,,,,,,,,,,,,,,,
???? ????? ???? ????????? ????? ????? ??? ?? ???,,,,,,,,,,,,,,,,,,,,,,,
???? 8000 ???? ???? ??? ???? ???? ??? ?? ????,,,,,,,,,,,,,,,,,,,,,,,
???? ????? ????????? ???? ???? ,,,,,,,,,,,,,,,,,,,,,,,
??? ???? ????? ???? ???? ???? ??? ?? ???? ????,,,,,,,,,,,,,,,,,,,,,,,
?? ??? ??????? ??? ???? ????? ??? ???? ????? ???? ???? ??????,,,,,,,,,,,,,,,,,,,,,,,
??? ?? ??????? ????  ???? ????? ????? ???? ???????? ??????? ???? ?????? ?? ??? ????? ??? ?????? ????? ???? ???? ????? ?? ???? ???? ??????? ???????? ????? ????????? ????? ????? ????? ?????,,,,,,,,,,,,,,,,,,,,,,,
????? ??? ????  ???  ????????? ??? ????? ????  ????  ????  ??? ????? ????,,,,,,,,,,,,,,,,,,,,,,,
??? ??? ???? ??????? ???? ??? ????? ???? ??????? ???? ??? ??? ???? 25????? ???? ???? ??????,,,,,,,,,,,,,,,,,,,,,,,
??? ???? ??? ???? 15000???? ??????,,,,,,,,,,,,,,,,,,,,,,,
"???? ?,??,???/ ????? ??? ??? ????? ????",,,,,,,,,,,,,,,,,,,,,,,
???? ??? ???? ????? ????? ???? ?? ????? ???? ???? ???? ,,,,,,,,,,,,,,,,,,,,,,,
?? ??????? ???? ????? ????? ???? ???? ???? ???,,,,,,,,,,,,,,,,,,,,,,,
??? ???? ???? ??????? ??? ??? ???? ???? 17 /4/ 2022 ?????? 15 ????? ???? ????  ????,,,,,,,,,,,,,,,,,,,,,,,
???? ????? ?? ??? ??? ?? ????? ???? ???? ????,,,,,,,,,,,,,,,,,,,,,,,
???? ??? ???? ??? ????? ????? ??????,,,,,,,,,,,,,,,,,,,,,,,
???? ??? ???? ???? ???? ???? ????,,,,,,,,,,,,,,,,,,,,,,,
???? ???? ????????? ???? ???? ?????? ??? ???? ????? ???,,,,,,,,,,,,,,,,,,,,,,,
???? 25 ????? ???? ????? ??????,,,,,,,,,,,,,,,,,,,,,,,
???? ?? 30 ?????? 30 ????? 270 ???? ?? ??? ???????? ??????,,,,,,,,,,,,,,,,,,,,,,,
"???? ???? ??? ??? ?????????? ??? ????? ???? ?????
?????? ???? ???? ??",,,,,,,,,,,,,,,,,,,,,,,
?????? ????????? ???? ?????? 40 ????? ???? ??????? ?? ????? ??????? ???,,,,,,,,,,,,,,,,,,,,,,,
????? ??? ???? ??????? ???????? ???? ???? ????,,,,,,,,,,,,,,,,,,,,,,,
??? ???? ????? ???? ???? ???? ???? ??,,,,,,,,,,,,,,,,,,,,,,,
????? ????? ???? ???? ???,,,,,,,,,,,,,,,,,,,,,,,
??? ???? ??????? ???? ???? ?????? ?????,,,,,,,,,,,,,,,,,,,,,,,
???? ?????. ????? ?????? ?? ???,,,,,,,,,,,,,,,,,,,,,,,
???? ???? ???? ???????? ????,,,,,,,,,,,,,,,,,,,,,,,
???? ?? ?????? ??? ???? ????? ???? ?????? ?? ???????,,,,,,,,,,,,,,,,,,,,,,,
"???? ??,??? ???? ???? ??????",,,,,,,,,,,,,,,,,,,,,,,
???? 5100????  ??????,,,,,,,,,,,,,,,,,,,,,,,
??? ???? ?? ????? ????  ???? ????? ????  ?????? ???? ??? ???? ?????,,,,,,,,,,,,,,,,,,,,,,,
??? ????? ???? ?????? ??? ???? ???? ??????? ??? ?? ??? ????,,,,,,,,,,,,,,,,,,,,,,,
???? ????? ???? ???? ???? ??? ??????,,,,,,,,,,,,,,,,,,,,,,,
??? ????? ???? ???? ????,,,,,,,,,,,,,,,,,,,,,,,
???? ??? ???? ?????????? ???? ?????? ?? ??????? ?????,,,,,,,,,,,,,,,,,,,,,,,
???? ??????? ??? ???? 30000 ????? ???? ????? ??????? ???? ???? ??????? ????? ,,,,,,,,,,,,,,,,,,,,,,,
???? ?? ????? ???? ???? ????,,,,,,,,,,,,,,,,,,,,,,,
??? ???? ?? ????? ???? ??? ?????? ???? ?? ???? ???? ??? ??? ??? ?? ??? ???? ??? ??,,,,,,,,,,,,,,,,,,,,,,,
??? ?????? ? ?????? ????? ???? ????? ???? ???? ?? ??? ??????,,,,,,,,,,,,,,,,,,,,,,,
"???? 25 ????? ???? ????????
?????? ????? ?????????? ???? ??? ????? ??? ??????? ???? ???? ???? ???? ??? ????????? ????? ???? ???? ??? ??? ???? ???????? ????? ???????? 25 ????? ???? ??????? ???? ????",,,,,,,,,,,,,,,,,,,,,,,
???? ????? ????? ???? ????,,,,,,,,,,,,,,,,,,,,,,,
??? ???? ???? ????,,,,,,,,,,,,,,,,,,,,,,,
???? ???? ??? ?????,,,,,,,,,,,,,,,,,,,,,,,
???? ??? ???? ???  ??? ??? ???????? ???? ??? ???? ??? ?? ????? ???? ???? ???? ?? ??? ?????,,,,,,,,,,,,,,,,,,,,,,,
"?????? ??? ????, ????? ??????? ??",,,,,,,,,,,,,,,,,,,,,,,
??? ????? ?? ???? ??? ?????,,,,,,,,,,,,,,,,,,,,,,,
?????? ??? ?? ???? ????? ??????,,,,,,,,,,,,,,,,,,,,,,,
???? ????? ??? ???? ?????? ????????,,,,,,,,,,,,,,,,,,,,,,,
"??? ??? ???? ?? ?????? ???, ??? ???????? ??????? ???",,,,,,,,,,,,,,,,,,,,,,,
?????? ??? ????? ?? ????? ?????? ???? ??? ???? ?? ????? ???? ???? ???? ????,,,,,,,,,,,,,,,,,,,,,,,
"?? ?????? ??? ????? ??? ????? ????
",,,,,,,,,,,,,,,,,,,,,,,
??????? ???? ???? ??????? ?? ???? ?????? ???? ????,,,,,,,,,,,,,,,,,,,,,,,
?? ?????? ?????? ???? ???????,,,,,,,,,,,,,,,,,,,,,,,
"??????? ??????? ????? ??????? ????? ???? ??? ?? ??? ??? ????, ????? ???? ?????? ??? ????? ?? ???? ?????? ??????",,,,,,,,,,,,,,,,,,,,,,,
"??? ?? ??? ?????? ??????? ??? ???
",,,,,,,,,,,,,,,,,,,,,,,
"???? ??? ?????!
????? ?? ??????? ?????? ???? ???? ????? ????????? ???? ???",,,,,,,,,,,,,,,,,,,,,,,
"??? ??? ??? ??? ?????? ??????? ??? ?? ??? ???? ???? ??? ?????? ????, ????? ????? ??? ??? ????",,,,,,,,,,,,,,,,,,,,,,,
"???? ????? ???? ? ???? ?????
????? ???? ???????",,,,,,,,,,,,,,,,,,,,,,,
"???? ??? ?????? ?? ??,, ?????? ??? ?????? ???? ????? ?? ??? ???,,",,,,,,,,,,,,,,,,,,,,,,,
??? ?? ??????? ???? ???? ???? ??? ?????? ?????,,,,,,,,,,,,,,,,,,,,,,,
??? ?/ ? ??? ??? ?????? ?????????????? ???? ???? ??????? ??????,,,,,,,,,,,,,,,,,,,,,,,
"??????????? ????, ????? ???? ?????? ????? ?????? ???? ??? ????? ?????? ??? ????? ???????? ?????? ?????? ?????? ???????",,,,,,,,,,,,,,,,,,,,,,,
??? ?????? ?? ????? ????? PDF ???? ??????? ??? ?????,,,,,,,,,,,,,,,,,,,,,,,
????? ????????? ??? ???????? ??? ?? ?,,,,,,,,,,,,,,,,,,,,,,,
???? ?? ?? ???? ??? ????? ???? ????? ?? ??? ????? ???? ?????? ?????? ?????? ?????,,,,,,,,,,,,,,,,,,,,,,,
??? ????? ???? ??? ??? ???? ?? ??????? ???? ???? ???? ??? ?????? ????? ????? ??? ???? ??????? ???? ???? ????,,,,,,,,,,,,,,,,,,,,,,,
?????????? ??????? ???? ????????? ?????? ???,,,,,,,,,,,,,,,,,,,,,,,
??? ????? ??????? ??????? ???? ????? ??? ???? ????? ??????? tranx id ?? ???????,,,,,,,,,,,,,,,,,,,,,,,
????? ???? ???? ????? ??????? ???? ????? ??? ????,,,,,,,,,,,,,,,,,,,,,,,
?????? ???? ?????,,,,,,,,,,,,,,,,,,,,,,,
"???? ??? ??? ?????
",,,,,,,,,,,,,,,,,,,,,,,
??? ????? ??????? ?????? ????? ?? ?????,,,,,,,,,,,,,,,,,,,,,,,
 ????? ???? ??????? ???? ??? ?? ???? ??????,,,,,,,,,,,,,,,,,,,,,,,
"???? ????? ????? ??? ???? ?????
",,,,,,,,,,,,,,,,,,,,,,,
??????? ?????????? ???? ???,,,,,,,,,,,,,,,,,,,,,,,
"???? ????? ??????? ??? ????? ?? ???? ???????? ?? ???? ?????????? ???? ?????
??????? ?? ??? ???????? ???? ????",,,,,,,,,,,,,,,,,,,,,,,
????????? ?????? ????? ????? ???? *???# ????? ??? ?????? ???????? ?? ???? ?????? ??????? ????? ??????? ?? ???? ?????????? ?? ????? ??? ??????? ???? ??????? ??????????? ??????,,,,,,,,,,,,,,,,,,,,,,,
??? ????? ?????? ???? ????,,,,,,,,,,,,,,,,,,,,,,,
?????? ?? ??? ???? ????? ?? ???? ?? ?????????? ?????,,,,,,,,,,,,,,,,,,,,,,,
??? ?? ???? ????? ?? ???? ?????? ???? ?? ???? ?????????? ??? ???,,,,,,,,,,,,,,,,,,,,,,,
"?? ???? ????? ?? ???? ????? ?????????? ??? ???
????? ??????? ????? ?????? ????? ?",,,,,,,,,,,,,,,,,,,,,,,
???? ???? ??????????? ???? ????? ????????? ???? ???? ????? ????? ??????? ???? ???????,,,,,,,,,,,,,,,,,,,,,,,
"??? ??? ?????? ??????? ???? ??? ???
",,,,,,,,,,,,,,,,,,,,,,,
"? ???? ???????? ??????? ? ???? (? ???? + ? ???? ?????) + ?? ?????, ???? ? ???? ??????????? ??????????; ?????? ? ????",,,,,,,,,,,,,,,,,,,,,,,
"??? ???? ???????? ??????? ?? ???? (?? ???? + ? ???? ?????), ???? ?? ???? ??????????? ??????????; ?????? ? ????",,,,,,,,,,,,,,,,,,,,,,,
"??? ???? ???????? ??????? ??? ?????, ???? ?? ???? ??????????? ??????????; ?????? ?? ????",,,,,,,,,,,,,,,,,,,,,,,
"??? ???? ???????? ??????? ?? ???? (?? ???? + ? ????), ???? ?? ???? ??????????? ??????????; ?????? ?? ????",,,,,,,,,,,,,,,,,,,,,,,
"??? ???? ???????? ??????? ??? ????? + ? ???? (?.? ???? ?????), ???? ?? ???? ??????????? ??????????; ?????? ?? ????",,,,,,,,,,,,,,,,,,,,,,,
"?? ???? ???????? ??????? ??? ????? + ? ????, ???? ?? ???? ??????????? ??????????; ?????? ?? ????",,,,,,,,,,,,,,,,,,,,,,,
"??? ???? ???????? ??????? ??? ?????, ???? ?? ???? ??????????? ??????????; ?????? ?? ????",,,,,,,,,,,,,,,,,,,,,,,
" ??? ???? ???????? ??????? ?? ???? (?? ???? + ? ???? ?????), ???? ?? ???? ??????????? ??????????; ?????? ?? ????",,,,,,,,,,,,,,,,,,,,,,,
"??? ???? ???????? ??????? ?? ???? (?? ???? + ? ???? ?????), ???? ?? ???? ??????????? ??????????; ?????? ?? ????",,,,,,,,,,,,,,,,,,,,,,,
"??? ???? ???????? ??????? ???? ????? + ? ????, ???? ?? ???? ??????????? ??????????; ?????? ?? ????",,,,,,,,,,,,,,,,,,,,,,,
"??? ???? ???????? ??????? ???? ?????, ???? ?? ???? ??????????? ??????????; ?????? ?? ????",,,,,,,,,,,,,,,,,,,,,,,
"??? ???? ???????? ??????? ?? ???? (?? ???? + ?? ???? ?????), ???? ??? ???? ??????????? ??????????; ?????? ?? ????",,,,,,,,,,,,,,,,,,,,,,,
"??? ???? ???????? ??????? ??? ????? + ?? ????, ???? ??? ???? ??????????? ??????????; ?????? ?? ????",,,,,,,,,,,,,,,,,,,,,,,
"??? ???? ???????? ??????? ???? ????? + ?? ???? (?? ???? + ? ???? ?????), ???? ??? ???? ??????????? ??????????; ?????? ?? ????",,,,,,,,,,,,,,,,,,,,,,,
????? ??????? ?????????? ??????? ??,,,,,,,,,,,,,,,,,,,,,,,
"??????? ??? ??????? ???????? ???? ??????? ????
",,,,,,,,,,,,,,,,,,,,,,,
??????? ???? ????? ???? ?????? ?????? ???????? ?????? ?????? ???? ??????? ????? ?????,,,,,,,,,,,,,,,,,,,,,,,
????? ???? ?? ????? ????? ??????? ??? ?????,,,,,,,,,,,,,,,,,,,,,,,
????? ????? ???? ????? ????????? ??????? ??????,,,,,,,,,,,,,,,,,,,,,,,
"????? ?????? ????? ???? ???? ???????? ??? ????
",,,,,,,,,,,,,,,,,,,,,,,
"???? ????? ??????? ????? ??? ???? ????? ????????
",,,,,,,,,,,,,,,,,,,,,,,
????? ??????? ??????? ???? ??????? ?????? ??????? ??? ???? ??????? ??????,,,,,,,,,,,,,,,,,,,,,,,
????? ??????? ??????? ??????? ???? ????? ???? ?? ?????? ????? ??? ??? ????? ??????? ?? ???? ??????????? ??????,,,,,,,,,,,,,,,,,,,,,,,
???? ???????? ?????? ???? ????? ??????? ??? ?? ???? ??????????? ??????,,,,,,,,,,,,,,,,,,,,,,,
???? ????? ????? ???? ?????? ???????? ?????? ?????? ?????? ??????? ???? ???? ????? ????? ??? ?? ???? ???????????,,,,,,,,,,,,,,,,,,,,,,,
????????? ????? ????? ?? ??? ??????? ? (??????? ????) ???? ???? ???? ????? ???????,,,,,,,,,,,,,,,,,,,,,,,
 ????? ??????? ??????? ???? ???? ?? ??? ???? ????? ???? ?????? ????? ???? ????? ??????? ? ??????????? ????? ??????? ?? ???? ???????????,,,,,,,,,,,,,,,,,,,,,,,
????? ??????? ??????? ??? ???? ???? ???? ???? ????????? ???????? ????? ???? ????? ??????? ? ??????????? ????? ??????? ? ???? ???????????,,,,,,,,,,,,,,,,,,,,,,,
????? ??????? ??????? ???? ???? ?? ??? ???? ????????? ???????? ????? ???? ????? ??????? ? ??????????? ????? ??????? ? ???? ???????????,,,,,,,,,,,,,,,,,,,,,,,
????? ????? ???? ????? ?????? ??? ?????? ???? ??????? ? ??????????? ????? ??????? ? ???? ???????????,,,,,,,,,,,,,,,,,,,,,,,
????? ??????? ??????? ???? ???? ?? ??? ???? ????? ???? ?????? ????? ???? ????? ??????? ? ??????????? ????? ??????? ?? ???? ???????????,,,,,,,,,,,,,,,,,,,,,,,
????? ??????? ??????? ??? ???? ???? ???? ???? ????????? ???????? ????? ???? ????? ??????? ? ??????????? ????? ??????? ? ???? ???????????,,,,,,,,,,,,,,,,,,,,,,,
????? ??????? ??????? ???? ???? ?? ??? ???? ????????? ???????? ????? ???? ????? ??????? ? ??????????? ????? ??????? ? ???? ???????????,,,,,,,,,,,,,,,,,,,,,,,
????? ????? ???? ????? ?????? ??? ?????? ???? ??????? ? ??????????? ????? ??????? ? ???? ???????????,,,,,,,,,,,,,,,,,,,,,,,
????? ????? ???? ???? ???? ?? ??? ???? ????? ??? ???? ??????? ? ??????????? ????? ??????? ?? ???? ???????????,,,,,,,,,,,,,,,,,,,,,,,
 ????? ????? ???? ?????? ???????? ?? ???? ?????? ??????? ???? ??????? ? ??????????? ????? ??????? ?? ???? ???????????,,,,,,,,,,,,,,,,,,,,,,,
????? ??????? ??? ???? ??????? ????? ??? ?????????? ???? ????? ???? ???????,,,,,,,,,,,,,,,,,,,,,,,
??? ?? ????? ????? ??????? ?????? ????? ?? ???? ?????? ???? ?? ???? ?????? ???????,,,,,,,,,,,,,,,,,,,,,,,
????? ??????? ??????? ???? ??????? ?????? ??????? ??? ???? ??????? ??????,,,,,,,,,,,,,,,,,,,,,,,
????? ??????? ??????? ??????? ???? ????? ???? ?? ?????? ????? ??? ??? ????? ??????? ?? ???? ??????????? ?????? ,,,,,,,,,,,,,,,,,,,,,,,
?? ???? ?????? ?????? ?? ???? ??? ???????,,,,,,,,,,,,,,,,,,,,,,,
???????? ?????? ???? ????? ??????? ?? ???? ??????????? ??????,,,,,,,,,,,,,,,,,,,,,,,
???? ????? ????? ???? ?????? ???????? ?????? ?????? ?????? ??????? ???? ???? ????? ????? ??? ?? ???? ???????????,,,,,,,,,,,,,,,,,,,,,,,
 ????? ???? ?? ???? ?????? ???? ?? ???? ?????? ?? ??????,,,,,,,,,,,,,,,,,,,,,,,
?? ???? ???? ??? ????????? ???? ?????????? ?? ???? ????? ????? ????? ??????? ??????? ? ?????? ????????? ?????? ????? ????,,,,,,,,,,,,,,,,,,,,,,,
???? ????? ????? ??? ?????? ??? ??? ??? ??????? ???????? ???? ?????? ?????? ????? ?? ? ??? ??? ???? ?????? ?,,,,,,,,,,,,,,,,,,,,,,,
??? ??????? ??? ??????? ????? ??? ???? ?????????? ??? (PIN) ??????? ???????? ???? *247# ????? ??? ? ???? ??? My bKash ??????? ?????,,,,,,,,,,,,,,,,,,,,,,,
????????? ?????? ???? ??? (PIN) ??????? ???? ??????? ???? ???? ?????????? ??????,,,,,,,,,,,,,,,,,,,,,,,
????? ????? ??? ?? ???????,,,,,,,,,,,,,,,,,,,,,,,
???????? ???? ? ?? ?????? ?????? ??????? ??? ??? ????? (????? ???? *???# ????? ??? ) ?.??% ?????? ????? ?????? ??.?? ???? ?????? ????? ??? ???? ??????? ,,,,,,,,,,,,,,,,,,,,,,,
"?? ?.??% ????? ????? ???? ??,??? ???? ??????? ????? ????? ???????? ???????? ????",,,,,,,,,,,,,,,,,,,,,,,
"??,??? ???? ????? ??????? ????, ?.??% ????? ???????? ????",,,,,,,,,,,,,,,,,,,,,,,
"????? ???????? ?????? ?????? ??????? ???? ( ????? ? *???# ??? ???????) ?.??% ????? ???????? ???? ???, ???????? ???????????? ????? ???? ????? ??? ???? ?.??% ????? ???????? ????",,,,,,,,,,,,,,,,,,,,,,,
"???? ???? ????? ??????? ?? ??? ???????????? ????, ??? ??????? ????? ???? ?? ????? ????? ????, ?? ?? ?????? ????? ?????? ???? ??????",,,,,,,,,,,,,,,,,,,,,,,
????? ????? ????????? ??? ??????? ??? ??? ??? ????????? ??????? ???? ?? ?????? ?? ???? ??????? ???? ??? ???? ??? ??????? ??? ???? ????? ???? ???????,,,,,,,,,,,,,,,,,,,,,,,
????????? ?????? ????? ????? ???? ???? *???# ????? ??? ?? ???? ?? ??? ???? ?? ??? ????? ??????? ??????????? ????? ??????? ?? ???? ???????????,,,,,,,,,,,,,,,,,,,,,,,
???? ?????? ???? ???????? ????????? ?????? ?????? ????? ???? ???????,,,,,,,,,,,,,,,,,,,,,,,
"?????? ???? ?? ????????, ???? ???? ?? ????????, ???? ????????",,,,,,,,,,,,,,,,,,,,,,,
"???? ?? ???? ?? ????????? ???? ?? ??????? ??? ????? ????? ????? ?? ""My Offers"" ?????? ??? ???? ???? ????? ??????? ????????? ?? ?????? ????????? ?????? ?????? ???? ???? ",,,,,,,,,,,,,,,,,,,,,,,
"???? ??? ? ?? ????? ??????? ????? ??? ????? ?????????? ????? ????? ??? *???# ????? ??? ??? ???????? ??,??? ???? ??????? ???? ????? ???? ???? ???????",,,,,,,,,,,,,,,,,,,,,,,
????? ????? ????? ??? *???# ????? ??? ?????? ???????? ??? ???? ?? ??? ???? ????? ???? ???? ???? ????? ???????? ??? ???,,,,,,,,,,,,,,,,,,,,,,,
"????? ???? ??,???.?? ???? ???? ??,??? ???? ??????? ????? ???????? ????? ???????? ???????? ? ???? ????? ???????? ??? ",,,,,,,,,,,,,,,,,,,,,,,
"??,??? ????? ???? ???, ????? ???????? ???????? ?? ???? ????? ???????? ????",,,,,,,,,,,,,,,,,,,,,,,
"????? ??????? ???? ???? ???????? ????? ???? ??? ???? ???? ??,??? ???? ??????? ????? ???? ???? ????? ??????? ? ???? ",,,,,,,,,,,,,,,,,,,,,,,
"??,??? ????? ??? ????? ?????? ???????? ?? ???? ??? ????? ???????? ????",,,,,,,,,,,,,,,,,,,,,,,
"?????? ???? ?? ???? ????
",,,,,,,,,,,,,,,,,,,,,,,
"??????, ????? ???????? ?????? ???????? ????? ????",,,,,,,,,,,,,,,,,,,,,,,
???? ?? ??? ???? ?? ?????? ?? ???? ?????????? ???? ???? ??,,,,,,,,,,,,,,,,,,,,,,,
"?????? ????????? ????????? ???? ????????? ???? ?? ???? ?? ????????? ???? ??????? ??? ????? ????? ????? ?? ""My Offers"" ?????? ??? ???? ???? ????? ??????? ????????? ?? ?????? ????????? ?????? ?????? ???? ????",,,,,,,,,,,,,,,,,,,,,,,
"? ????? ???? ???, ????? ??? ?? ???? ??? ????
",,,,,,,,,,,,,,,,,,,,,,,
????????? ???? ???? ??????????? ??????? ??????? ????????? ????????? ?????? ???? ????? ????? ??????? ??????? ??? ??????? ????????? ?????? ????? ????,,,,,,,,,,,,,,,,,,,,,,,
???? ????? ????? ??? ???? ??? ??...?,,,,,,,,,,,,,,,,,,,,,,,
?????? ??????? ??? ???? ???? ????? ???? ?????,,,,,,,,,,,,,,,,,,,,,,,
"???????? Daraz ? ??? ???? ????? ????
",,,,,,,,,,,,,,,,,,,,,,,
"?? ??? ??????? ?????? ??????? ???? ?? ???? ????? ?????
",,,,,,,,,,,,,,,,,,,,,,,
?????? ????????? ????? ????????? ???? ????????? ,,,,,,,,,,,,,,,,,,,,,,,
?????? ??????? ?? ????? ??? ????,,,,,,,,,,,,,,,,,,,,,,,
???? ??????? ????????? ???????? ??? ?????? ???*???# ??????? ???????? ???????? ??? ?????? ???,,,,,,,,,,,,,,,,,,,,,,,
????? ????????? ????? ????????? ??? ????? ???? *???# ????? ??? ?? ???? 'Reset PIN' ?????? ??????? ????? ,,,,,,,,,,,,,,,,,,,,,,,
"??? ????? ??????? ?????????????? ??? ??????? ??? ???? ???????, ???? ??? ??? ???????? ???????? ??? ??????? ??? ??? ?????? ?????? ",,,,,,,,,,,,,,,,,,,,,,,
??? ???? ???????? ?????? ?? ??? ????? ????? ? ???? ????? ?????,,,,,,,,,,,,,,,,,,,,,,,
????? ??????? ??????? ???? ??????? ???? ????? ??? ???? ??????,,,,,,,,,,,,,,,,,,,,,,,
????? ????? ???? ???? ??????? ???? ?? ?????? ????? ??? ??? ???? ????? ?? ???? ??????????? ?????? ,,,,,,,,,,,,,,,,,,,,,,,
???? ????? ???????????? ??? ??????? ??????? ?????? ????? ??????? ?? ???? ???????????,,,,,,,,,,,,,,,,,,,,,,,
?????????? ???? ??? ???? ???? ??? ??? ???? ??? ?????? ???? ????,,,,,,,,,,,,,,,,,,,,,,,
???? ???????? ? ??? ?????????? ??????,,,,,,,,,,,,,,,,,,,,,,,
??? ?????? ???? ???????? ???? ?????? ????? ?????????? ???? ??????,,,,,,,,,,,,,,,,,,,,,,,
?????? ???? ??-??-???? ????? ??? ??-??-???? ????? ????????,,,,,,,,,,,,,,,,,,,,,,,
????? ??? ? ???? ????? ??....... ????? ???? ???......,,,,,,,,,,,,,,,,,,,,,,,
????? ??????? ?? ??? ????? ????? ??? ??,,,,,,,,,,,,,,,,,,,,,,,
??????? ??????? ??????? ??????? ?????????? ????????? ???????? ?????????? ???? ????? ,,,,,,,,,,,,,,,,,,,,,,,
???? ???????? ?????? ?????? ??? ??? ????? ??????? ???? ????? ???? ????? ???????,,,,,,,,,,,,,,,,,,,,,,,
????????? ????? ???? ????????? ?????????? ?? ??????? ???? ?? ????? ????? ???? ??,,,,,,,,,,,,,,,,,,,,,,,
????? ????????? ????? ??????? ???? ????????? ????????? ????? ???????? ????????? ???????? ?????????? ???? ?????,,,,,,,,,,,,,,,,,,,,,,,
???????? ???????? ?????? ?????? ??? ??? ????? ??????? ???? ????? ???? ????? ???????,,,,,,,,,,,,,,,,,,,,,,,
????????? ????? ???? ????????? ?????????? ?? ??????? ???? ?? ????? ????? ???? ??,,,,,,,,,,,,,,,,,,,,,,,
"????? ?????? ??? ????? ?????? ?????, ",,,,,,,,,,,,,,,,,,,,,,,
???? ????? ??????? ????? ???? ??????,,,,,,,,,,,,,,,,,,,,,,,
?????? ?? ??? ?? ????? ???? ??? ??? ?? ???? ??? ??????,,,,,,,,,,,,,,,,,,,,,,,
"??????? ?? ?????? ????? ?????? ???? ?????? ?????????? ??
",,,,,,,,,,,,,,,,,,,,,,,
"?? ????? ???? ???? ??! ??
",,,,,,,,,,,,,,,,,,,,,,,
"??? ??????? ???? ????? ?????? ???? '?? ??' ???? ???? ???? ??????? ??????!
",,,,,,,,,,,,,,,,,,,,,,,
"??? ???????? ?? ???? ?????? ???? ????? ????? ??????? ??? ??????
",,,,,,,,,,,,,,,,,,,,,,,
??????? ???? ????? ???? ??? ??? ??? ???? ?????,,,,,,,,,,,,,,,,,,,,,,,
????? ?? ??? ??? ??? ????,,,,,,,,,,,,,,,,,,,,,,,
???? ?? ?? ????? ??,,,,,,,,,,,,,,,,,,,,,,,
"?? ??? ?? ?????? ????? ??????? ???? ????, ????? ???????? ?????? (?????) ??????? ?????",,,,,,,,,,,,,,,,,,,,,,,
?????? ???? ?? ???????? ???? ???? ?? ???????? ???? ????????,,,,,,,,,,,,,,,,,,,,,,,
Klassy Missy ???? ??????? ???? ????? ????????? ??????? ????? ??????? ????? ??????? ??% ??????????? ??????????? ,,,,,,,,,,,,,,,,,,,,,,,
"?????????????? ???????? ???????? ????, ? ??? ??? ???????? ??????????? ???????? ???? ?????????? ????? ??? ?????",,,,,,,,,,,,,,,,,,,,,,,
"???? ????? ??? my offers ?????? ??? ??????
??? ?? ????, ????? ?????? ?? ?? ???",,,,,,,,,,,,,,,,,,,,,,,
"????? ???? ????????????, ????? ??? ????? ???? ? ?? ??? ???? ????
",,,,,,,,,,,,,,,,,,,,,,,
??? ??? ?????? ???? ?????? ???? ????? ????? ????,,,,,,,,,,,,,,,,,,,,,,,
???? ?????? ?????? ???????? ??? ???? ??? ???? ???????? ???????? ??? ???? ??????? ?????????? ???? ????? ???? ???????,,,,,,,,,,,,,,,,,,,,,,,
"?????? ???? ?? ????????, ???? ???? ?? ????????, ???? ????????",,,,,,,,,,,,,,,,,,,,,,,
"????? ??? ?? ?? ???????? ?????? ?????, ??????? ????, ?? ??????????? ???? ?? ???????? ??????????? ???? ???? ???? ????? ??????? ???? ???? ??????,",,,,,,,,,,,,,,,,,,,,,,,
 ???? ??? ???????? ?????? ?????????? ???? ???? ???????? ?????? ???? ????? ??? ????? ???? ?????? ?? ????????? ?????? ??? ????? ?? ?????? ???? ???? ?????? ????? ,,,,,,,,,,,,,,,,,,,,,,,
"??? ??? ????? ??????? ????? ?? ???? ??? ??????? ?? ???? ?????? ?????,,, ??? ?????? ?????",,,,,,,,,,,,,,,,,,,,,,,
"??????? ????? ??? ???? ??????? ??? ??????? ??? ?????? ?? ?????????? ?? ???? ??? ????? ?-?????? ??????? ?????? ???? ????? ????? ??????? ???????, ?????????, ?????? ?? ???? ??? ???? ???? ???? ???? ??????? ???? ",,,,,,,,,,,,,,,,,,,,,,,
????????? ?????????? ???????? ????? ????? ????????? ?????? ??????? ?????? ?????? ????? ???,,,,,,,,,,,,,,,,,,,,,,,
????? ?????????? ?? ????? ??? ?????? ???? ??? ????????? ??? ?????? ?? ???? ???? ???? ??????? ???? ?????? ?????? ???? ?????????,,,,,,,,,,,,,,,,,,,,,,,
?????? ???? ??????? ??????? ? ??? (?????? ????? ??? ????) ???? ??? ???? ????? ??? ??????? ???? ????,,,,,,,,,,,,,,,,,,,,,,,
"????? ???? ??, ?????, ???? ????? ???",,,,,,,,,,,,,,,,,,,,,,,
"????? ???? ????? ???????? ??? ??? ?? ???? ????
",,,,,,,,,,,,,,,,,,,,,,,
 ??? ????????? ???????? ????????? ?????? ???????? ???? ???? ??? ???????,,,,,,,,,,,,,,,,,,,,,,,
????? ??????? ????????? ??? ??????? ????????? ????? ??? ?????? ??? ?????? ?????????? (???? ??????) ??? ?????? ??????? ??? ??? ???? ???????? ?????,,,,,,,,,,,,,,,,,,,,,,,
?????????? ????? ??????? ??????? ??? ??????? ???? ???? ???? ?????? ??? ??? ??? ?????? ???????? ?????? ???? ??? ????????? ???? ??????? ????? ??? ?????? ???????? ??????,,,,,,,,,,,,,,,,,,,,,,,
"?? ???? ???????? ?? ???? ??????????
",,,,,,,,,,,,,,,,,,,,,,,
"????????? ?????? ????? ????? ???? *???# ????? ??? ?????? ???????? ?? ???? ?????? ??????? ????? ??????? ?? ???? ?????????? ?? ????? ??? ??????? ???? ??????? ??????????? (????????, ?????? ??? ?????? ????? ??? ????) ??????",,,,,,,,,,,,,,,,,,,,,,,
"?????? ???? ?? ????????, ???? ???? ?? ????????, ???? ????????",,,,,,,,,,,,,,,,,,,,,,,
???? ?????? ??????? ???? ?????????? ??? ???????? ???? ????,,,,,,,,,,,,,,,,,,,,,,,
???? ???? ????? ????? ???? ??? business dashboard ? ? ????? ????? sign-up ???? ?? ??????? ???? ??????? ??? ??????? ??? ???? ??????? ????? ???? ?????????? ??????? ??? ?????? ???? ????,,,,,,,,,,,,,,,,,,,,,,,
??? ????? ??????? ??? ??? ????? ?????????? ???????? ???? ????? ???????? ?????? ????????? ????? ?????? ??? ????,,,,,,,,,,,,,,,,,,,,,,,
"?????? ?? ???? ?? ??? ???? ???????? ?? ???? ?????????? ???? ????, ?? ???? ??????? ???? ?????? ?????????? ?????",,,,,,,,,,,,,,,,,,,,,,,
"????? ???? Bank ? ???? ?????? ?? ???? ??? ??? ?
",,,,,,,,,,,,,,,,,,,,,,,
"????? ?? ???????? ???????? ????? ???? ?????? ??????, ?????? ??????, ??????? ?????? ? ???? ?????? ???????? ???? ??????? ???????? ?% ?????? ?????? ?? ???? ?????",,,,,,,,,,,,,,,,,,,,,,,
"??? ??????, ???????? ??????, ???????? ??????,???????? ??????, ?? ?? ?? ?? ??????, ????????? ?????? ? ???? ?????? ???????? ???? ??????? ???????? ?.??% ?????? ?????? ??.?? ???? ????? ?????????",,,,,,,,,,,,,,,,,,,,,,,
"????????? ????? ?? ???????? ??? ????? ????? ??????? ??? ??? ?.? ???? ????????? ???????? ????? ???? ????? ???????, ???????? ???????? ????????? ???? ????? ??? ????????? ????? ??????????????? ???????? ???????? ??????",,,,,,,,,,,,,,,,,,,,,,,
"???, ????? ? ?????? ?????? ?????????????? ??????? ???? ????? ?? ????? ??????",,,,,,,,,,,,,,,,,,,,,,,
"??????? ?????? ????? ????? ???? ????? QR ??????? ??? ??????? ???? ???? ????? ????, ? ?????? ???? ??????! ",,,,,,,,,,,,,,,,,,,,,,,
"??????? ?????? ??????? ??? ??????? ???
?? ??????? ??? ???? ????? ???????!",,,,,,,,,,,,,,,,,,,,,,,
????? ???????? ???????? ?? ????? ???? ? ??? ??? ?????,,,,,,,,,,,,,,,,,,,,,,,
????????? ????????? ???????? ?? ??????????? ???? ?? ??? ???? ???????? ???????? ????????? ?????? ??? ???? ????? ,,,,,,,,,,,,,,,,,,,,,,,
???? ???????? ? ?????? ???? ?????? ??????? ?????? ????? ????? ???? ????? QR ??????? ??? ????? ????? ??????? ???? ???????,,,,,,,,,,,,,,,,,,,,,,,
????? ??????? ????? ??????? ?? ????? ???,,,,,,,,,,,,,,,,,,,,,,,
??? ????? ?????? ????????? ??? ??% ?????????? ?????? ?? ??? ???? ????? ??? ?? ??????????? ???? ??????? ???? ???? ?????????? ?????? ????,,,,,,,,,,,,,,,,,,,,,,,
10 Minute School-? ??????? ????? ??????? ????? ????? ??????? ??% ??????????? ???????????,,,,,,,,,,,,,,,,,,,,,,,
???? ?????? ???????? ? ??? ??? ???? ???????? ???????? ??? ???? ??????? ?????????? ???? ????? ???? ???????,,,,,,,,,,,,,,,,,,,,,,,
"??????? ???????? ???????? ?? ???? ????
",,,,,,,,,,,,,,,,,,,,,,,
????? ????? ???? *???# ????? ??? ?????? ??????? ???????? ?? ????????? ???????? ?????? ??????? ????? ??????? ????? ?? ?????,,,,,,,,,,,,,,,,,,,,,,,
"??? ???? ???????? ??.?? ????, ???? ?? ???? ????? ??????????; ?????? ?? ???",,,,,,,,,,,,,,,,,,,,,,,
"??? ???? ???????? ??? ????? + ?? ????, ???? ??? ???? ????? ??????????; ?????? ?? ???",,,,,,,,,,,,,,,,,,,,,,,
"??? ???? ???????? ??? ????? + ?? ????, ???? ?? ???? ????? ??????????; ?????? ?? ???",,,,,,,,,,,,,,,,,,,,,,,
"??? ???? ???????? ???? ????? + ?? ????, ???? ?? ???? ????? ??????????; ?????? ?? ???",,,,,,,,,,,,,,,,,,,,,,,
"??? ???? ???????? ??? ????? (?? ???) + ?? ???? ?????? ??? ????? (?? ???), ???? ?? ???? ????? ??????????; ?????? ?? ???",,,,,,,,,,,,,,,,,,,,,,,
"??? ???? ???????? ??? ????? + ??? ???? + ?.? ???? ?????, ???? ?? ???? ????? ??????????; ?????? ?? ???",,,,,,,,,,,,,,,,,,,,,,,
"??? ???? ???????? ???? ????? + ? ???? + ? ???? ?????, ???? ?? ???? ????? ??????????; ?????? ?? ???",,,,,,,,,,,,,,,,,,,,,,,
??? ???? ???????? ??????? ???????? ??????? ?????????? ??? ???? ??????? ? ???? ??????????,,,,,,,,,,,,,,,,,,,,,,,
?????? ??????? ???? ??? ??????????? ?????????? ????? ???? ???? ???????? ???? ????? ???? ??????? ??? ???????? ????? ???? ??????? ,,,,,,,,,,,,,,,,,,,,,,,
??? ????? ???? ???????? ???? ?? ????????? ???????? ?????? ??? ????????? ?? ???????? ???? ????? ????? ??????? ??????? ??? ????? ??? ???? ?? ?-???? ????,,,,,,,,,,,,,,,,,,,,,,,
????????? ?????? ????? ??????? ??????? ?????? ???????? ?? ???? ?????? ??????? ????? ??????? ?? ???? ?????????? ?? ????? ??? ??????? ???? ??????? ??????????? ?????? ,,,,,,,,,,,,,,,,,,,,,,,
???? ?????? ???? ???????? ????????? ????? ?????? ???? ???????,,,,,,,,,,,,,,,,,,,,,,,
"?????? ???? ? ????????, ???? ???? ?? ????????, ???? ????????",,,,,,,,,,,,,,,,,,,,,,,
"?? ?????? ??? ???? ???? ????
2500 ???? ?? ???? ?? ???? ?????",,,,,,,,,,,,,,,,,,,,,,,
???? ?? ???? ???? ?? ???? ????? ??????? ???? 50 ???? ???? ?????? ???? ??? ?? ???? ???? ??? ?????,,,,,,,,,,,,,,,,,,,,,,,
"???? ??? ??? ???? ????? ???? ???? ??????????? ??? ????? ???? ??????? ??? ?????, ?????????? ??? ???????????? ??????? ?????? ????????? ??? ?? ????? ?????? ???? ????? ??? ?????",,,,,,,,,,,,,,,,,,,,,,,
???????????? ???? ???? ???? ????? ????? ??????? ??????? ??? ??????? ????????? ?????? ???? ????,,,,,,,,,,,,,,,,,,,,,,,
???? ?????? ???? ??? ??? ??? ??,,,,,,,,,,,,,,,,,,,,,,,
???????? ????? ? ??????? ????? ?????????? ???? ????? ??????,,,,,,,,,,,,,,,,,,,,,,,
????? ???? ???????? ??? ?????????? ???? ???????? ????? ????? ????? ??????? ????????? ?????? ?????? ???? ????,,,,,,,,,,,,,,,,,,,,,,,
????? ????? ???? ???? ??????? ???? ?? ?????? ????? ??? ??? ???? ????? ?? ???? ??????????? ?????? ,,,,,,,,,,,,,,,,,,,,,,,
??????? ??????? ????????? ??? ?? ???? ???? ???? ???? ??? ????? ,,,,,,,,,,,,,,,,,,,,,,,
???????? ??? ?????? ????,,,,,,,,,,,,,,,,,,,,,,,
??????? ???? ????? ???? ?????? ?????? ???????,,,,,,,,,,,,,,,,,,,,,,,
"????? ??????? ??? ???? ?????? ??? ?? ???
",,,,,,,,,,,,,,,,,,,,,,,
???? NID ????? ???? ???? ????? ??????? ???? ???. ??? ???? ID ???? ?????? ??????,,,,,,,,,,,,,,,,,,,,,,,
"??????, ?????? ???????? ???????? ?????? ????? ??? ????? ??? ",,,,,,,,,,,,,,,,,,,,,,,
 ??? ????????? ?????? ??????? ??? ????? ??? ??? ???? ???? ??? ????????? ????????? ????? ??? ??????? ?????? ???? ??????? ?? ?????? ????? ??????? ??? ??????????? ???????????? ???? ???? ???? ,,,,,,,,,,,,,,,,,,,,,,,
???? ????? ??? ???? ???? ??? ?????? ???????? ????? ??????? ???????????? ???? ???????,,,,,,,,,,,,,,,,,,,,,,,
??? ????? ???? ????? ?? ?????,,,,,,,,,,,,,,,,,,,,,,,
"??? ???? ????? ?????? ???? ????, ? ????? ???? ?????? ???? ????..",,,,,,,,,,,,,,,,,,,,,,,
????? ??????( ?? ?? ) ????? ????????? ??? ????? ?? ?? ? ??? ??? ???? ????? ???? ??? ???? ,,,,,,,,,,,,,,,,,,,,,,,
???? ???????? *???# ????? ??? ????? ????? ????? ??? ???? ???????,,,,,,,,,,,,,,,,,,,,,,,
????? ????????? ????? ????????? ??? ????? ???? *???# ????? ??? ?? ???? ????? ????? ,,,,,,,,,,,,,,,,,,,,,,,
"????? ??????? ?????????????? ??? ??????? ??? ???? ???????, ???? ??? ??? ????????? ???????? ??? ??????? ??? ??? ?????? ??????",,,,,,,,,,,,,,,,,,,,,,,
??? ???? ????????? ?????? ?? ??? ????? ????? ? ???? ????? ?????,,,,,,,,,,,,,,,,,,,,,,,
 ????? ???????? ???? ????? ??????? ??????? ??? ??????? ??? ??????,,,,,,,,,,,,,,,,,,,,,,,
??????? ??? ????? ?? ?????? ????? *???# ????? ??? ???? ????? ????? ???? ??? ??? ??? ????,,,,,,,,,,,,,,,,,,,,,,,
??????? ? ??????? ??? ??? ???? ??? ?? ??????? ? ??? ??????? ???? ??? ?0? ???? ???? ??? ??? ?????? ????? ???? ????? ??? ??????? ?? ?????????? ??? ????? ??? ???,,,,,,,,,,,,,,,,,,,,,,,
"??? ???? ????? ???? ????? ?????? ?? ???? ????? ????? ??? ?? ???? ???? ...?
",,,,,,,,,,,,,,,,,,,,,,,
??? ????? ?? ??? ??????? ???? ????? ???? ??????? ????,,,,,,,,,,,,,,,,,,,,,,,
"???? ????? ??? ??? ??? ????,
??? ????? ???",,,,,,,,,,,,,,,,,,,,,,,
"????? ???? ????? ???? ??????? ??? ???? ???? ??? ???? ????? ?? ????? ?????
",,,,,,,,,,,,,,,,,,,,,,,
?????? ???? ?? ???????? ???? ???? ? ???????? ???? ????????,,,,,,,,,,,,,,,,,,,,,,,
"??? ???? ???? ?????, ???????? ???? ????? ???????! ????????? ?????? ?? ???? ??????? ????????? ????? ??????? ????? ??????? ??% ??????? ??????????? ??????????!",,,,,,,,,,,,,,,,,,,,,,,
?????? ????? ??????? ???????? ???? ??? ?????????????? ???? ?????????? ????? ???? ??????? ,,,,,,,,,,,,,,,,,,,,,,,
???? ?????? ??? ? ????????? ??????? ??? ...??? ?????? ????????? ??% ?????????? ????.,,,,,,,,,,,,,,,,,,,,,,,
"???? ??? ???? ??????????? ??????????? ??? ??? ?????????? ????? ????????? ??????? ???????, ?????? ???????????? ??? ??? ?? ??????????? ??????????? ??? ??????? ??? ????? ?????? ?????? ???? ????",,,,,,,,,,,,,,,,,,,,,,,
?????????? ????? ????? ?????-?? ????! Fan Fest Football World Cup 2022-?? ???? ???? ????? ????? ????? ???????? ?? ??????????? ???? ???????-?? ??? ??????? ??????? ???????? ????? ???? ??????? ????????? ????? ?? ???? ,,,,,,,,,,,,,,,,,,,,,,,
?????? ????????? ?????? ?? ???????? ????? ????? ????? ??????? ????????? ???? ???? ?????? ???? ????,,,,,,,,,,,,,,,,,,,,,,,
 ?????? ????????? ????????? ?????? ?? ???????? ????? ??????? ??? ????? ????? ??????? ??????? ??? ??????? ????????? ?????? ????? ???? ,,,,,,,,,,,,,,,,,,,,,,,
30?? ??? ???? ???? ???????? ?????? ????????????? ??????? ?? ?????? ???? ??? ???? ???? ??? ???????,,,,,,,,,,,,,,,,,,,,,,,
"??????, ?????? ???????? ??? ??? ??????? ??????? ???? ???? ?? ????? ???? ???????? ????? ????? ????:",,,,,,,,,,,,,,,,,,,,,,,
"????? ???? ?????-? ??,??? ?? ???? ????? ???? ???? ??? ??????????! TCA
????? Terms and Condition ??...??",,,,,,,,,,,,,,,,,,,,,,,
"??????? ???? ????? ?? ???,,,, ??? ??????? ??? ??? ???? ??? ??? ???? ??? ?? ???????",,,,,,,,,,,,,,,,,,,,,,,
,,,,,,,,,,,,,,,,,,,,,,,
,,,,,,,,,,,,,,,,,,,,,,,
,,,,,,,,,,,,,,,,,,,,,,,
,,,,,,,,,,,,,,,,,,,,,,,
,,,,,,,,,,,,,,,,,,,,,,,
,,,,,,,,,,,,,,,,,,,,,,,
,,,,,,,,,,,,,,,,,,,,,,,
,,,,,,,,,,,,,,,,,,,,,,,
,,,,,,,,,,,,,,,,,,,,,,,
,,,,,,,,,,,,,,,,,,,,,,,
,,,,,,,,,,,,,,,,,,,,,,,
,,,,,,,,,,,,,,,,,,,,,,,
,,,,,,,,,,,,,,,,,,,,,,,
,,,,,,,,,,,,,,,,,,,,,,,
,,,,,,,,,,,,,,,,,,,,,,,
,,,,,,,,,,,,,,,,,,,,,,,
,,,,,,,,,,,,,,,,,,,,,,,
,,,,,,,,,,,,,,,,,,,,,,,
,,,,,,,,,,,,,,,,,,,,,,,
,,,,,,,,,,,,,,,,,,,,,,,
,,,,,,,,,,,,,,,,,,,,,,,
,,,,,,,,,,,,,,,,,,,,,,,
,,,,,,,,,,,,,,,,,,,,,,,
,,,,,,,,,,,,,,,,,,,,,,,
,,,,,,,,,,,,,,,,,,,,,,,
,,,,,,,,,,,,,,,,,,,,,,,
,,,,,,,,,,,,,,,,,,,,,,,
,,,,,,,,,,,,,,,,,,,,,,,
,,,,,,,,,,,,,,,,,,,,,,,
,,,,,,,,,,,,,,,,,,,,,,,
,,,,,,,,,,,,,,,,,,,,,,,
,,,,,,,,,,,,,,,,,,,,,,,
,,,,,,,,,,,,,,,,,,,,,,,
,,,,,,,,,,,,,,,,,,,,,,,
,,,,,,,,,,,,,,,,,,,,,,,
,,,,,,,,,,,,,,,,,,,,,,,
,,,,,,,,,,,,,,,,,,,,,,,
,,,,,,,,,,,,,,,,,,,,,,,
,,,,,,,,,,,,,,,,,,,,,,,
,,,,,,,,,,,,,,,,,,,,,,,
,,,,,,,,,,,,,,,,,,,,,,,
,,,,,,,,,,,,,,,,,,,,,,,
,,,,,,,,,,,,,,,,,,,,,,,
,,,,,,,,,,,,,,,,,,,,,,,
,,,,,,,,,,,,,,,,,,,,,,,
,,,,,,,,,,,,,,,,,,,,,,,
,,,,,,,,,,,,,,,,,,,,,,,
,,,,,,,,,,,,,,,,,,,,,,,
,,,,,,,,,,,,,,,,,,,,,,,
,,,,,,,,,,,,,,,,,,,,,,,
,,,,,,,,,,,,,,,,,,,,,,,
,,,,,,,,,,,,,,,,,,,,,,,
,,,,,,,,,,,,,,,,,,,,,,,
,,,,,,,,,,,,,,,,,,,,,,,
,,,,,,,,,,,,,,,,,,,,,,,
,,,,,,,,,,,,,,,,,,,,,,,
,,,,,,,,,,,,,,,,,,,,,,,
,,,,,,,,,,,,,,,,,,,,,,,
,,,,,,,,,,,,,,,,,,,,,,,
,,,,,,,,,,,,,,,,,,,,,,,
,,,,,,,,,,,,,,,,,,,,,,,
,,,,,,,,,,,,,,,,,,,,,,,
,,,,,,,,,,,,,,,,,,,,,,,
,,,,,,,,,,,,,,,,,,,,,,,
,,,,,,,,,,,,,,,,,,,,,,,
,,,,,,,,,,,,,,,,,,,,,,,
,,,,,,,,,,,,,,,,,,,,,,,
,,,,,,,,,,,,,,,,,,,,,,,
,,,,,,,,,,,,,,,,,,,,,,,
,,,,,,,,,,,,,,,,,,,,,,,
,,,,,,,,,,,,,,,,,,,,,,,
,,,,,,,,,,,,,,,,,,,,,,,
,,,,,,,,,,,,,,,,,,,,,,,
,,,,,,,,,,,,,,,,,,,,,,,
,,,,,,,,,,,,,,,,,,,,,,,
,,,,,,,,,,,,,,,,,,,,,,,
,,,,,,,,,,,,,,,,,,,,,,,
,,,,,,,,,,,,,,,,,,,,,,,
,,,,,,,,,,,,,,,,,,,,,,,
,,,,,,,,,,,,,,,,,,,,,,,
,,,,,,,,,,,,,,,,,,,,,,,
,,,,,,,,,,,,,,,,,,,,,,,
,,,,,,,,,,,,,,,,,,,,,,,
,,,,,,,,,,,,,,,,,,,,,,,
,,,,,,,,,,,,,,,,,,,,,,,
,,,,,,,,,,,,,,,,,,,,,,,
,,,,,,,,,,,,,,,,,,,,,,,
,,,,,,,,,,,,,,,,,,,,,,,
,,,,,,,,,,,,,,,,,,,,,,,
,,,,,,,,,,,,,,,,,,,,,,,
,,,,,,,,,,,,,,,,,,,,,,,
,,,,,,,,,,,,,,,,,,,,,,,
,,,,,,,,,,,,,,,,,,,,,,,
,,,,,,,,,,,,,,,,,,,,,,,
,,,,,,,,,,,,,,,,,,,,,,,
,,,,,,,,,,,,,,,,,,,,,,,
,,,,,,,,,,,,,,,,,,,,,,,
,,,,,,,,,,,,,,,,,,,,,,,
,,,,,,,,,,,,,,,,,,,,,,,
,,,,,,,,,,,,,,,,,,,,,,,
,,,,,,,,,,,,,,,,,,,,,,,
,,,,,,,,,,,,,,,,,,,,,,,
,,,,,,,,,,,,,,,,,,,,,,,
,,,,,,,,,,,,,,,,,,,,,,,
,,,,,,,,,,,,,,,,,,,,,,,
,,,,,,,,,,,,,,,,,,,,,,,
,,,,,,,,,,,,,,,,,,,,,,,
,,,,,,,,,,,,,,,,,,,,,,,
,,,,,,,,,,,,,,,,,,,,,,,
,,,,,,,,,,,,,,,,,,,,,,,
,,,,,,,,,,,,,,,,,,,,,,,
,,,,,,,,,,,,,,,,,,,,,,,
